Input Start Date,Input End Date,Start Date,End Date,Model Result,Buy/Hold Result,Delta,Model Sharpe,Buy/Hold Sharpe
2022-02-18 00:00:00,2023-02-18 00:00:00,2022-02-22 00:00:00,2023-02-17 00:00:00,16.84,-3.66,20.5,0.925114,-0.037867
2004-12-25 00:00:00,2005-12-25 00:00:00,2004-12-28 00:00:00,2005-12-23 00:00:00,0.33,6.45,-6.12,0.108965,0.662506
2018-07-02 00:00:00,2019-07-02 00:00:00,2018-07-03 00:00:00,2019-07-01 00:00:00,-8.02,11.3,-19.32,-0.780952,0.778907
2021-10-03 00:00:00,2022-10-03 00:00:00,2021-10-05 00:00:00,2022-09-30 00:00:00,4.51,-16.28,20.79,0.345843,-0.710416
2020-04-12 00:00:00,2021-04-12 00:00:00,2020-04-14 00:00:00,2021-04-09 00:00:00,7.86,47.32,-39.46,0.616477,2.191723
2022-10-22 00:00:00,2023-10-22 00:00:00,2022-10-25 00:00:00,2023-10-20 00:00:00,11.14,11.15,-0.01,1.052516,0.762799
2010-08-13 00:00:00,2011-08-13 00:00:00,2010-08-16 00:00:00,2011-08-12 00:00:00,4.17,11.3,-7.13,0.441429,0.704026
2023-10-07 00:00:00,2024-10-06 00:00:00,2023-10-10 00:00:00,2024-10-04 00:00:00,15.42,33.64,-18.22,2.201238,2.434591
2023-11-27 00:00:00,2024-11-26 00:00:00,2023-11-28 00:00:00,2024-11-25 00:00:00,19.85,33.12,-13.27,2.616157,2.428979
2008-10-21 00:00:00,2009-10-21 00:00:00,2008-10-22 00:00:00,2009-10-20 00:00:00,-44.32,23.61,-67.93,-2.065204,0.757319
2016-08-23 00:00:00,2017-08-23 00:00:00,2016-08-24 00:00:00,2017-08-22 00:00:00,7.03,14.95,-7.92,1.305428,1.723006
2020-04-07 00:00:00,2021-04-07 00:00:00,2020-04-08 00:00:00,2021-04-06 00:00:00,6.37,50.58,-44.21,0.515391,2.279016
2011-12-17 00:00:00,2012-12-16 00:00:00,2011-12-20 00:00:00,2012-12-14 00:00:00,5.4,16.38,-10.98,1.15785,1.28658
2016-02-12 00:00:00,2017-02-11 00:00:00,2016-02-16 00:00:00,2017-02-10 00:00:00,6.23,24.61,-18.38,1.381697,2.130993
2012-02-27 00:00:00,2013-02-26 00:00:00,2012-02-28 00:00:00,2013-02-25 00:00:00,9.08,10.72,-1.64,1.669912,0.85572
2020-08-16 00:00:00,2021-08-16 00:00:00,2020-08-18 00:00:00,2021-08-13 00:00:00,8.15,33.64,-25.49,0.772024,2.050588
2016-07-09 00:00:00,2017-07-09 00:00:00,2016-07-12 00:00:00,2017-07-07 00:00:00,6.4,14.92,-8.52,1.282959,1.782579
2005-01-21 00:00:00,2006-01-21 00:00:00,2005-01-24 00:00:00,2006-01-20 00:00:00,-0.01,9.99,-10.0,0.014344,0.975489
2015-07-28 00:00:00,2016-07-27 00:00:00,2015-07-29 00:00:00,2016-07-26 00:00:00,14.67,5.07,9.6,1.486245,0.377284
2006-10-27 00:00:00,2007-10-27 00:00:00,2006-10-30 00:00:00,2007-10-26 00:00:00,6.12,13.56,-7.44,1.135068,1.026059
2014-02-21 00:00:00,2015-02-21 00:00:00,2014-02-24 00:00:00,2015-02-20 00:00:00,7.47,16.47,-9.0,0.918445,1.396799
2000-06-17 00:00:00,2001-06-17 00:00:00,2000-06-20 00:00:00,2001-06-15 00:00:00,-12.28,-16.71,4.43,-0.945485,-0.717117
2007-05-21 00:00:00,2008-05-20 00:00:00,2007-05-22 00:00:00,2008-05-19 00:00:00,2.19,-4.32,6.51,0.251061,-0.135531
2022-06-24 00:00:00,2023-06-24 00:00:00,2022-06-27 00:00:00,2023-06-23 00:00:00,16.66,13.3,3.36,1.188345,0.744059
2022-01-16 00:00:00,2023-01-16 00:00:00,2022-01-19 00:00:00,2023-01-13 00:00:00,6.56,-10.36,16.92,0.435093,-0.334152
2003-09-01 00:00:00,2004-08-31 00:00:00,2003-09-03 00:00:00,2004-08-30 00:00:00,0.06,8.63,-8.57,0.036685,0.779217
2016-12-30 00:00:00,2017-12-30 00:00:00,2017-01-03 00:00:00,2017-12-29 00:00:00,10.04,20.78,-10.74,1.992649,2.865954
2022-02-27 00:00:00,2023-02-27 00:00:00,2022-03-01 00:00:00,2023-02-24 00:00:00,7.34,-6.32,13.66,0.481788,-0.159102
2012-09-19 00:00:00,2013-09-19 00:00:00,2012-09-20 00:00:00,2013-09-18 00:00:00,9.84,20.59,-10.75,2.201581,1.68371
2016-04-01 00:00:00,2017-04-01 00:00:00,2016-04-04 00:00:00,2017-03-31 00:00:00,4.42,16.66,-12.24,0.750388,1.598489
2017-02-07 00:00:00,2018-02-07 00:00:00,2017-02-08 00:00:00,2018-02-06 00:00:00,8.63,19.68,-11.05,1.310512,2.12506
2016-05-13 00:00:00,2017-05-13 00:00:00,2016-05-16 00:00:00,2017-05-12 00:00:00,7.61,17.96,-10.35,1.245204,1.796016
2020-12-19 00:00:00,2021-12-19 00:00:00,2020-12-22 00:00:00,2021-12-17 00:00:00,13.39,26.89,-13.5,1.388371,1.945354
2019-05-26 00:00:00,2020-05-25 00:00:00,2019-05-29 00:00:00,2020-05-22 00:00:00,-13.15,8.34,-21.49,-0.523875,0.414684
2022-04-25 00:00:00,2023-04-25 00:00:00,2022-04-26 00:00:00,2023-04-24 00:00:00,8.09,0.85,7.24,0.544625,0.151177
2002-06-10 00:00:00,2003-06-10 00:00:00,2002-06-11 00:00:00,2003-06-09 00:00:00,-11.29,-2.0,-9.29,-1.004528,0.059482
2006-04-11 00:00:00,2007-04-11 00:00:00,2006-04-12 00:00:00,2007-04-10 00:00:00,5.46,14.28,-8.82,1.57215,1.304571
2022-04-23 00:00:00,2023-04-23 00:00:00,2022-04-26 00:00:00,2023-04-21 00:00:00,9.37,0.74,8.63,0.615802,0.146852
2007-09-05 00:00:00,2008-09-04 00:00:00,2007-09-06 00:00:00,2008-09-03 00:00:00,-2.58,-11.93,9.35,-0.181937,-0.549254
2017-04-01 00:00:00,2018-04-01 00:00:00,2017-04-04 00:00:00,2018-03-29 00:00:00,11.57,13.88,-2.31,1.472474,1.207076
2021-02-01 00:00:00,2022-02-01 00:00:00,2021-02-02 00:00:00,2022-01-31 00:00:00,7.53,19.49,-11.96,0.770021,1.422512
2015-02-19 00:00:00,2016-02-19 00:00:00,2015-02-20 00:00:00,2016-02-18 00:00:00,10.07,-7.19,17.26,0.973523,-0.371662
2020-01-18 00:00:00,2021-01-17 00:00:00,2020-01-22 00:00:00,2021-01-15 00:00:00,-19.52,15.51,-35.03,-0.843534,0.602383
2013-08-13 00:00:00,2014-08-13 00:00:00,2013-08-14 00:00:00,2014-08-12 00:00:00,1.49,16.95,-15.46,0.396472,1.564332
2012-02-23 00:00:00,2013-02-22 00:00:00,2012-02-24 00:00:00,2013-02-21 00:00:00,8.03,12.29,-4.26,1.509119,0.976691
2016-09-23 00:00:00,2017-09-23 00:00:00,2016-09-26 00:00:00,2017-09-22 00:00:00,6.41,18.79,-12.38,1.225186,2.320329
2008-03-06 00:00:00,2009-03-06 00:00:00,2008-03-07 00:00:00,2009-03-05 00:00:00,-53.15,-45.68,-7.47,-2.553205,-1.193486
2023-11-09 00:00:00,2024-11-08 00:00:00,2023-11-10 00:00:00,2024-11-07 00:00:00,19.62,37.01,-17.39,2.489698,2.665593
2021-02-28 00:00:00,2022-02-28 00:00:00,2021-03-02 00:00:00,2022-02-25 00:00:00,8.96,14.76,-5.8,0.878236,1.064446
2015-11-22 00:00:00,2016-11-21 00:00:00,2015-11-24 00:00:00,2016-11-18 00:00:00,16.44,6.62,9.82,1.98863,0.534219
2005-09-10 00:00:00,2006-09-10 00:00:00,2005-09-13 00:00:00,2006-09-08 00:00:00,1.6,7.26,-5.66,0.43501,0.709664
2003-09-24 00:00:00,2004-09-23 00:00:00,2003-09-25 00:00:00,2004-09-22 00:00:00,0.76,13.03,-12.27,0.208195,1.151075
2012-06-02 00:00:00,2013-06-02 00:00:00,2012-06-05 00:00:00,2013-05-31 00:00:00,7.71,29.45,-21.74,1.902146,2.192025
2016-07-07 00:00:00,2017-07-07 00:00:00,2016-07-08 00:00:00,2017-07-06 00:00:00,6.89,15.42,-8.53,1.165873,1.830196
2010-10-07 00:00:00,2011-10-07 00:00:00,2010-10-08 00:00:00,2011-10-06 00:00:00,0.35,1.94,-1.59,0.09012,0.197026
2008-09-03 00:00:00,2009-09-03 00:00:00,2008-09-04 00:00:00,2009-09-02 00:00:00,-49.36,-17.35,-32.01,-2.186203,-0.194182
2008-02-13 00:00:00,2009-02-12 00:00:00,2008-02-14 00:00:00,2009-02-11 00:00:00,-49.04,-36.66,-12.38,-2.317315,-0.866858
2006-05-16 00:00:00,2007-05-16 00:00:00,2006-05-17 00:00:00,2007-05-15 00:00:00,6.01,20.89,-14.88,1.768227,1.875633
2020-03-05 00:00:00,2021-03-05 00:00:00,2020-03-06 00:00:00,2021-03-04 00:00:00,-16.52,29.0,-45.52,-0.676381,0.95475
2006-04-13 00:00:00,2007-04-13 00:00:00,2006-04-17 00:00:00,2007-04-12 00:00:00,6.3,14.51,-8.21,1.853908,1.32213
2003-07-26 00:00:00,2004-07-25 00:00:00,2003-07-29 00:00:00,2004-07-23 00:00:00,-4.75,11.35,-16.1,-1.120587,0.999248
2023-08-08 00:00:00,2024-08-07 00:00:00,2023-08-09 00:00:00,2024-08-06 00:00:00,14.51,18.78,-4.27,1.796659,1.491039
2017-05-26 00:00:00,2018-05-26 00:00:00,2017-05-30 00:00:00,2018-05-25 00:00:00,10.13,14.84,-4.71,1.206706,1.196737
2021-03-26 00:00:00,2022-03-26 00:00:00,2021-03-29 00:00:00,2022-03-25 00:00:00,13.11,15.88,-2.77,1.106817,1.072101
2005-04-11 00:00:00,2006-04-11 00:00:00,2005-04-12 00:00:00,2006-04-10 00:00:00,-0.24,11.23,-11.47,-0.053944,1.103964
2009-12-16 00:00:00,2010-12-16 00:00:00,2009-12-17 00:00:00,2010-12-15 00:00:00,0.88,14.86,-13.98,0.139267,0.863793
2020-02-16 00:00:00,2021-02-15 00:00:00,2020-02-19 00:00:00,2021-02-12 00:00:00,-18.12,18.22,-36.34,-0.764447,0.671137
2011-12-29 00:00:00,2012-12-28 00:00:00,2011-12-30 00:00:00,2012-12-27 00:00:00,4.79,15.3,-10.51,1.054429,1.208583
2024-03-10 00:00:00,2025-03-10 00:00:00,2024-03-12 00:00:00,2025-03-07 00:00:00,7.47,12.87,-5.4,1.041016,1.007068
2020-08-31 00:00:00,2021-08-31 00:00:00,2020-09-01 00:00:00,2021-08-30 00:00:00,9.94,30.17,-20.23,0.92266,1.862821
2018-09-28 00:00:00,2019-09-28 00:00:00,2018-10-01 00:00:00,2019-09-27 00:00:00,-8.82,3.27,-12.09,-0.74926,0.277766
2005-07-16 00:00:00,2006-07-16 00:00:00,2005-07-19 00:00:00,2006-07-14 00:00:00,2.95,2.22,0.73,0.800208,0.259511
2021-02-27 00:00:00,2022-02-27 00:00:00,2021-03-02 00:00:00,2022-02-25 00:00:00,8.96,14.76,-5.8,0.878236,1.064446
2008-02-17 00:00:00,2009-02-16 00:00:00,2008-02-20 00:00:00,2009-02-13 00:00:00,-47.92,-37.65,-10.27,-2.261425,-0.905357
2020-03-09 00:00:00,2021-03-09 00:00:00,2020-03-10 00:00:00,2021-03-08 00:00:00,-10.51,34.82,-45.33,-0.412119,1.125317
2001-03-23 00:00:00,2002-03-23 00:00:00,2001-03-26 00:00:00,2002-03-22 00:00:00,26.4,0.51,25.89,1.972066,0.127271
2011-09-06 00:00:00,2012-09-05 00:00:00,2011-09-07 00:00:00,2012-09-04 00:00:00,5.84,19.73,-13.89,0.615556,1.072176
2017-11-20 00:00:00,2018-11-20 00:00:00,2017-11-21 00:00:00,2018-11-19 00:00:00,-3.64,5.39,-9.03,-0.315105,0.435334
2002-09-17 00:00:00,2003-09-17 00:00:00,2002-09-18 00:00:00,2003-09-16 00:00:00,-2.15,21.17,-23.32,-0.200045,0.992346
2011-07-20 00:00:00,2012-07-19 00:00:00,2011-07-21 00:00:00,2012-07-18 00:00:00,1.31,4.31,-3.0,0.163107,0.299495
2006-10-18 00:00:00,2007-10-18 00:00:00,2006-10-19 00:00:00,2007-10-17 00:00:00,7.14,14.86,-7.72,1.315857,1.136626
2017-08-10 00:00:00,2018-08-10 00:00:00,2017-08-11 00:00:00,2018-08-09 00:00:00,6.89,18.96,-12.07,0.82655,1.45727
2023-04-24 00:00:00,2024-04-23 00:00:00,2023-04-25 00:00:00,2024-04-22 00:00:00,15.1,24.84,-9.74,1.739343,1.982587
2004-01-23 00:00:00,2005-01-22 00:00:00,2004-01-26 00:00:00,2005-01-21 00:00:00,5.11,2.72,2.39,1.188571,0.296315
2023-06-03 00:00:00,2024-06-02 00:00:00,2023-06-06 00:00:00,2024-05-31 00:00:00,15.34,24.99,-9.65,1.90845,2.05505
2012-06-21 00:00:00,2013-06-21 00:00:00,2012-06-22 00:00:00,2013-06-20 00:00:00,10.04,21.46,-11.42,2.242117,1.652298
2007-11-16 00:00:00,2008-11-15 00:00:00,2007-11-19 00:00:00,2008-11-14 00:00:00,-29.87,-38.47,8.6,-1.418719,-1.123706
2012-11-07 00:00:00,2013-11-07 00:00:00,2012-11-08 00:00:00,2013-11-06 00:00:00,12.85,31.16,-18.31,2.701449,2.457742
2000-07-15 00:00:00,2001-07-15 00:00:00,2000-07-18 00:00:00,2001-07-13 00:00:00,-8.02,-17.47,9.45,-0.628694,-0.753809
2009-02-28 00:00:00,2010-02-28 00:00:00,2009-03-03 00:00:00,2010-02-26 00:00:00,18.19,61.7,-43.51,1.380534,2.243696
2003-05-31 00:00:00,2004-05-30 00:00:00,2003-06-03 00:00:00,2004-05-28 00:00:00,-7.21,17.28,-24.49,-1.166071,1.356149
2002-10-29 00:00:00,2003-10-29 00:00:00,2002-10-30 00:00:00,2003-10-28 00:00:00,2.28,19.39,-17.11,0.326577,1.063911
2017-10-16 00:00:00,2018-10-16 00:00:00,2017-10-17 00:00:00,2018-10-15 00:00:00,2.22,9.37,-7.15,0.294618,0.749897
2017-09-28 00:00:00,2018-09-28 00:00:00,2017-09-29 00:00:00,2018-09-27 00:00:00,4.33,17.82,-13.49,0.550495,1.386125
2007-03-19 00:00:00,2008-03-18 00:00:00,2007-03-20 00:00:00,2008-03-17 00:00:00,2.42,-7.67,10.09,0.292238,-0.368882
2012-11-07 00:00:00,2013-11-07 00:00:00,2012-11-08 00:00:00,2013-11-06 00:00:00,12.85,31.16,-18.31,2.701449,2.457742
2005-08-21 00:00:00,2006-08-21 00:00:00,2005-08-23 00:00:00,2006-08-18 00:00:00,2.37,8.85,-6.48,0.629313,0.8333
2013-11-15 00:00:00,2014-11-15 00:00:00,2013-11-18 00:00:00,2014-11-14 00:00:00,6.56,16.05,-9.49,1.164582,1.451217
2023-04-20 00:00:00,2024-04-19 00:00:00,2023-04-21 00:00:00,2024-04-18 00:00:00,16.71,22.94,-6.23,1.919106,1.841666
2013-12-04 00:00:00,2014-12-04 00:00:00,2013-12-05 00:00:00,2014-12-03 00:00:00,8.55,18.44,-9.89,1.460687,1.642197
2017-06-22 00:00:00,2018-06-22 00:00:00,2017-06-23 00:00:00,2018-06-21 00:00:00,7.09,14.9,-7.81,0.855483,1.187319
2005-06-14 00:00:00,2006-06-14 00:00:00,2005-06-15 00:00:00,2006-06-13 00:00:00,0.18,3.0,-2.82,0.074111,0.340088
2022-04-16 00:00:00,2023-04-16 00:00:00,2022-04-19 00:00:00,2023-04-14 00:00:00,4.07,-5.75,9.82,0.317872,-0.142183
2003-06-29 00:00:00,2004-06-28 00:00:00,2003-07-01 00:00:00,2004-06-25 00:00:00,-3.46,17.37,-20.83,-0.669366,1.417774
2016-07-20 00:00:00,2017-07-20 00:00:00,2016-07-21 00:00:00,2017-07-19 00:00:00,6.78,16.53,-9.75,1.146272,1.94862
2011-03-14 00:00:00,2012-03-13 00:00:00,2011-03-15 00:00:00,2012-03-12 00:00:00,3.05,9.26,-6.21,0.284047,0.505995
2017-04-26 00:00:00,2018-04-26 00:00:00,2017-04-27 00:00:00,2018-04-25 00:00:00,9.37,12.6,-3.23,1.144867,1.04151
2004-04-24 00:00:00,2005-04-24 00:00:00,2004-04-27 00:00:00,2005-04-22 00:00:00,4.22,3.09,1.13,1.163128,0.334093
2014-10-30 00:00:00,2015-10-30 00:00:00,2014-10-31 00:00:00,2015-10-29 00:00:00,10.96,5.65,5.31,0.955036,0.445797
2010-04-14 00:00:00,2011-04-14 00:00:00,2010-04-15 00:00:00,2011-04-13 00:00:00,12.86,10.54,2.32,1.033715,0.655384
2019-07-14 00:00:00,2020-07-13 00:00:00,2019-07-16 00:00:00,2020-07-10 00:00:00,-10.55,8.06,-18.61,-0.377179,0.403965
2001-02-23 00:00:00,2002-02-23 00:00:00,2001-02-26 00:00:00,2002-02-22 00:00:00,5.89,-12.99,18.88,0.520671,-0.549931
2003-01-06 00:00:00,2004-01-06 00:00:00,2003-01-07 00:00:00,2004-01-05 00:00:00,-5.46,23.23,-28.69,-0.577034,1.37854
2017-03-09 00:00:00,2018-03-09 00:00:00,2017-03-10 00:00:00,2018-03-08 00:00:00,13.94,17.56,-3.62,1.86133,1.640984
2000-07-26 00:00:00,2001-07-26 00:00:00,2000-07-27 00:00:00,2001-07-25 00:00:00,-18.42,-17.16,-1.26,-1.374572,-0.733352
2017-09-24 00:00:00,2018-09-24 00:00:00,2017-09-26 00:00:00,2018-09-21 00:00:00,5.15,19.37,-14.22,0.645399,1.495372
2003-10-20 00:00:00,2004-10-19 00:00:00,2003-10-21 00:00:00,2004-10-18 00:00:00,2.15,8.22,-6.07,0.543976,0.765435
2013-06-21 00:00:00,2014-06-21 00:00:00,2013-06-24 00:00:00,2014-06-20 00:00:00,11.77,27.21,-15.44,2.444766,2.422103
2013-09-06 00:00:00,2014-09-06 00:00:00,2013-09-09 00:00:00,2014-09-05 00:00:00,4.73,22.33,-17.6,1.078511,2.065157
2023-09-13 00:00:00,2024-09-12 00:00:00,2023-09-14 00:00:00,2024-09-11 00:00:00,13.41,24.83,-11.42,1.539294,1.830658
2003-02-14 00:00:00,2004-02-14 00:00:00,2003-02-18 00:00:00,2004-02-13 00:00:00,-9.53,36.64,-46.17,-1.062588,2.168837
2016-08-28 00:00:00,2017-08-28 00:00:00,2016-08-30 00:00:00,2017-08-25 00:00:00,7.93,14.46,-6.53,1.237488,1.675012
2021-02-01 00:00:00,2022-02-01 00:00:00,2021-02-02 00:00:00,2022-01-31 00:00:00,7.53,19.49,-11.96,0.770021,1.422512
2020-03-02 00:00:00,2021-03-02 00:00:00,2020-03-03 00:00:00,2021-03-01 00:00:00,-9.13,32.18,-41.31,-0.320336,1.021413
2004-10-05 00:00:00,2005-10-05 00:00:00,2004-10-06 00:00:00,2005-10-04 00:00:00,5.79,7.82,-2.03,1.605712,0.795569
2017-04-06 00:00:00,2018-04-06 00:00:00,2017-04-07 00:00:00,2018-04-05 00:00:00,11.0,15.1,-4.1,1.337779,1.264367
2004-12-07 00:00:00,2005-12-07 00:00:00,2004-12-08 00:00:00,2005-12-06 00:00:00,0.33,8.58,-8.25,0.108965,0.854444
2010-02-15 00:00:00,2011-02-15 00:00:00,2010-02-17 00:00:00,2011-02-14 00:00:00,6.0,23.39,-17.39,0.566752,1.318218
2003-06-04 00:00:00,2004-06-03 00:00:00,2003-06-05 00:00:00,2004-06-02 00:00:00,-6.46,15.32,-21.78,-1.064049,1.226284
2019-06-18 00:00:00,2020-06-17 00:00:00,2019-06-19 00:00:00,2020-06-16 00:00:00,-8.57,8.97,-17.54,-0.282543,0.430115
2003-06-11 00:00:00,2004-06-10 00:00:00,2003-06-12 00:00:00,2004-06-09 00:00:00,-11.04,14.88,-25.92,-1.861265,1.190904
2010-03-25 00:00:00,2011-03-25 00:00:00,2010-03-26 00:00:00,2011-03-24 00:00:00,7.62,14.51,-6.89,0.735019,0.855845
2005-08-26 00:00:00,2006-08-26 00:00:00,2005-08-29 00:00:00,2006-08-25 00:00:00,2.37,8.6,-6.23,0.628056,0.816037
2020-02-10 00:00:00,2021-02-09 00:00:00,2020-02-11 00:00:00,2021-02-08 00:00:00,-15.74,18.65,-34.39,-0.622025,0.680815
2017-12-05 00:00:00,2018-12-05 00:00:00,2017-12-06 00:00:00,2018-12-04 00:00:00,-1.11,4.54,-5.65,-0.057145,0.36776
2020-03-25 00:00:00,2021-03-25 00:00:00,2020-03-26 00:00:00,2021-03-24 00:00:00,3.7,50.74,-47.04,0.304116,2.038738
2018-09-24 00:00:00,2019-09-24 00:00:00,2018-09-25 00:00:00,2019-09-23 00:00:00,-8.44,4.6,-13.04,-0.715149,0.355548
2010-09-15 00:00:00,2011-09-15 00:00:00,2010-09-16 00:00:00,2011-09-14 00:00:00,7.0,7.71,-0.71,0.619958,0.489512
2014-02-12 00:00:00,2015-02-12 00:00:00,2014-02-13 00:00:00,2015-02-11 00:00:00,8.6,15.28,-6.68,1.032125,1.306095
2013-10-24 00:00:00,2014-10-24 00:00:00,2013-10-25 00:00:00,2014-10-23 00:00:00,4.21,12.94,-8.73,0.706529,1.188596
2018-05-20 00:00:00,2019-05-20 00:00:00,2018-05-22 00:00:00,2019-05-17 00:00:00,-13.94,6.89,-20.83,-1.492699,0.520887
2005-05-18 00:00:00,2006-05-18 00:00:00,2005-05-19 00:00:00,2006-05-17 00:00:00,-3.46,8.22,-11.68,-0.755968,0.872065
2014-04-20 00:00:00,2015-04-20 00:00:00,2014-04-22 00:00:00,2015-04-17 00:00:00,3.82,12.84,-9.02,0.463097,1.121899
2022-12-13 00:00:00,2023-12-13 00:00:00,2022-12-14 00:00:00,2023-12-12 00:00:00,12.2,18.03,-5.83,1.270554,1.302042
2022-03-28 00:00:00,2023-03-28 00:00:00,2022-03-29 00:00:00,2023-03-27 00:00:00,6.2,-12.64,18.84,0.431256,-0.467381
2020-05-29 00:00:00,2021-05-29 00:00:00,2020-06-01 00:00:00,2021-05-28 00:00:00,3.17,39.67,-36.5,0.312749,2.060504
2012-08-24 00:00:00,2013-08-24 00:00:00,2012-08-27 00:00:00,2013-08-23 00:00:00,7.51,20.35,-12.84,1.536374,1.661846
2009-12-17 00:00:00,2010-12-17 00:00:00,2009-12-18 00:00:00,2010-12-16 00:00:00,1.13,14.88,-13.75,0.152506,0.864576
2022-04-26 00:00:00,2023-04-26 00:00:00,2022-04-27 00:00:00,2023-04-25 00:00:00,10.24,-1.03,11.27,0.661996,0.068256
2018-01-09 00:00:00,2019-01-09 00:00:00,2018-01-10 00:00:00,2019-01-08 00:00:00,-14.68,-4.55,-10.13,-1.349981,-0.179942
2004-02-24 00:00:00,2005-02-23 00:00:00,2004-02-25 00:00:00,2005-02-22 00:00:00,4.36,5.22,-0.86,1.011482,0.514306
2015-11-28 00:00:00,2016-11-27 00:00:00,2015-12-01 00:00:00,2016-11-25 00:00:00,10.53,7.41,3.12,1.221994,0.588293
2023-06-27 00:00:00,2024-06-26 00:00:00,2023-06-28 00:00:00,2024-06-25 00:00:00,16.91,26.6,-9.69,2.104613,2.189037
2001-11-11 00:00:00,2002-11-11 00:00:00,2001-11-13 00:00:00,2002-11-08 00:00:00,12.24,-20.61,32.85,0.805679,-0.767687
2006-04-30 00:00:00,2007-04-30 00:00:00,2006-05-02 00:00:00,2007-04-27 00:00:00,7.98,15.92,-7.94,1.926023,1.44431
2001-12-29 00:00:00,2002-12-29 00:00:00,2002-01-02 00:00:00,2002-12-27 00:00:00,-0.88,-23.17,22.29,0.017692,-0.871712
2021-11-10 00:00:00,2022-11-10 00:00:00,2021-11-11 00:00:00,2022-11-09 00:00:00,7.48,-18.11,25.59,0.481814,-0.740995
2022-05-03 00:00:00,2023-05-03 00:00:00,2022-05-04 00:00:00,2023-05-02 00:00:00,9.44,-2.62,12.06,0.620493,-0.008833
2009-08-06 00:00:00,2010-08-06 00:00:00,2009-08-07 00:00:00,2010-08-05 00:00:00,-1.58,13.65,-15.23,-0.05789,0.784728
2019-12-12 00:00:00,2020-12-11 00:00:00,2019-12-13 00:00:00,2020-12-10 00:00:00,-23.13,17.81,-40.94,-0.988124,0.661084
2012-11-07 00:00:00,2013-11-07 00:00:00,2012-11-08 00:00:00,2013-11-06 00:00:00,13.66,31.16,-17.5,2.818788,2.457742
2012-01-03 00:00:00,2013-01-02 00:00:00,2012-01-04 00:00:00,2012-12-31 00:00:00,4.79,13.99,-9.2,1.054429,1.111763
2009-05-24 00:00:00,2010-05-24 00:00:00,2009-05-27 00:00:00,2010-05-21 00:00:00,3.0,24.12,-21.12,0.316502,1.318418
2021-05-05 00:00:00,2022-05-05 00:00:00,2021-05-06 00:00:00,2022-05-04 00:00:00,11.66,3.73,7.93,0.927416,0.304412
2009-03-19 00:00:00,2010-03-19 00:00:00,2009-03-20 00:00:00,2010-03-18 00:00:00,11.34,55.0,-43.66,0.921747,2.236909
2015-03-10 00:00:00,2016-03-09 00:00:00,2015-03-11 00:00:00,2016-03-08 00:00:00,20.32,-0.98,21.3,1.631123,0.024495
2004-04-22 00:00:00,2005-04-22 00:00:00,2004-04-23 00:00:00,2005-04-21 00:00:00,4.22,3.43,0.79,1.160797,0.363535
2003-08-18 00:00:00,2004-08-17 00:00:00,2003-08-19 00:00:00,2004-08-16 00:00:00,-8.79,9.07,-17.86,-1.72569,0.812531
2024-02-29 00:00:00,2025-02-28 00:00:00,2024-03-01 00:00:00,2025-02-27 00:00:00,10.32,15.54,-5.22,1.345987,1.212468
2005-06-19 00:00:00,2006-06-19 00:00:00,2005-06-21 00:00:00,2006-06-16 00:00:00,2.36,4.47,-2.11,0.534659,0.471048
2007-06-02 00:00:00,2008-06-01 00:00:00,2007-06-05 00:00:00,2008-05-30 00:00:00,-1.94,-6.78,4.84,-0.068522,-0.269856
2019-10-12 00:00:00,2020-10-11 00:00:00,2019-10-15 00:00:00,2020-10-09 00:00:00,-20.28,18.29,-38.57,-0.857271,0.681829
2015-02-15 00:00:00,2016-02-15 00:00:00,2015-02-18 00:00:00,2016-02-12 00:00:00,13.38,-9.35,22.73,1.142773,-0.523113
2015-09-25 00:00:00,2016-09-24 00:00:00,2015-09-28 00:00:00,2016-09-23 00:00:00,14.28,17.36,-3.08,1.579561,1.187658
2007-09-27 00:00:00,2008-09-26 00:00:00,2007-09-28 00:00:00,2008-09-25 00:00:00,-14.48,-19.16,4.68,-1.081051,-0.863902
2016-10-02 00:00:00,2017-10-02 00:00:00,2016-10-04 00:00:00,2017-09-29 00:00:00,9.1,19.39,-10.29,1.57341,2.43606
2008-02-07 00:00:00,2009-02-06 00:00:00,2008-02-08 00:00:00,2009-02-05 00:00:00,-43.77,-34.92,-8.85,-1.957884,-0.811635
2021-05-11 00:00:00,2022-05-11 00:00:00,2021-05-12 00:00:00,2022-05-10 00:00:00,9.77,-0.26,10.03,0.781536,0.06991
2018-01-17 00:00:00,2019-01-17 00:00:00,2018-01-18 00:00:00,2019-01-16 00:00:00,-14.29,-4.73,-9.56,-1.304474,-0.190353
2017-09-08 00:00:00,2018-09-08 00:00:00,2017-09-11 00:00:00,2018-09-07 00:00:00,5.07,17.56,-12.49,0.63558,1.3742
2015-03-06 00:00:00,2016-03-05 00:00:00,2015-03-09 00:00:00,2016-03-04 00:00:00,19.22,-1.82,21.04,1.50845,-0.026151
2015-12-18 00:00:00,2016-12-17 00:00:00,2015-12-21 00:00:00,2016-12-16 00:00:00,9.52,13.98,-4.46,1.188872,1.061773
2013-08-13 00:00:00,2014-08-13 00:00:00,2013-08-14 00:00:00,2014-08-12 00:00:00,4.94,16.95,-12.01,1.027323,1.564332
2010-03-01 00:00:00,2011-03-01 00:00:00,2010-03-02 00:00:00,2011-02-28 00:00:00,5.04,21.0,-15.96,0.471834,1.198234
2015-02-15 00:00:00,2016-02-15 00:00:00,2015-02-18 00:00:00,2016-02-12 00:00:00,11.2,-9.35,20.55,0.963816,-0.523113
2000-11-23 00:00:00,2001-11-23 00:00:00,2000-11-27 00:00:00,2001-11-21 00:00:00,-11.21,-15.13,3.92,-0.704688,-0.61359
2007-02-14 00:00:00,2008-02-14 00:00:00,2007-02-15 00:00:00,2008-02-13 00:00:00,-2.92,-4.74,1.82,-0.199402,-0.193376
2015-05-20 00:00:00,2016-05-19 00:00:00,2015-05-21 00:00:00,2016-05-18 00:00:00,11.35,-1.98,13.33,1.00518,-0.037095
2001-06-28 00:00:00,2002-06-28 00:00:00,2001-06-29 00:00:00,2002-06-27 00:00:00,8.22,-17.79,26.01,0.937964,-0.896803
2018-10-13 00:00:00,2019-10-13 00:00:00,2018-10-16 00:00:00,2019-10-11 00:00:00,-4.32,7.76,-12.08,-0.331224,0.543157
2010-04-01 00:00:00,2011-04-01 00:00:00,2010-04-05 00:00:00,2011-03-31 00:00:00,0.64,13.86,-13.22,0.114219,0.824067
2001-10-08 00:00:00,2002-10-08 00:00:00,2001-10-09 00:00:00,2002-10-07 00:00:00,6.4,-24.25,30.65,0.550447,-1.005765
2017-05-17 00:00:00,2018-05-17 00:00:00,2017-05-18 00:00:00,2018-05-16 00:00:00,10.64,17.18,-6.54,1.265789,1.362237
2003-07-05 00:00:00,2004-07-04 00:00:00,2003-07-08 00:00:00,2004-07-02 00:00:00,0.08,13.36,-13.28,0.040386,1.135094
2011-09-02 00:00:00,2012-09-01 00:00:00,2011-09-06 00:00:00,2012-08-31 00:00:00,5.84,23.22,-17.38,0.615525,1.217308
2017-04-26 00:00:00,2018-04-26 00:00:00,2017-04-27 00:00:00,2018-04-25 00:00:00,9.37,12.6,-3.23,1.144887,1.041512
2014-09-06 00:00:00,2015-09-06 00:00:00,2014-09-09 00:00:00,2015-09-04 00:00:00,12.64,-1.48,14.12,1.170187,-0.028866
2000-09-10 00:00:00,2001-09-10 00:00:00,2000-09-12 00:00:00,2001-09-07 00:00:00,-12.95,-25.97,13.02,-0.824966,-1.215889
2010-12-09 00:00:00,2011-12-09 00:00:00,2010-12-10 00:00:00,2011-12-08 00:00:00,5.18,1.55,3.63,0.427705,0.181621
2014-06-21 00:00:00,2015-06-21 00:00:00,2014-06-24 00:00:00,2015-06-19 00:00:00,9.75,10.4,-0.65,1.081156,0.906069
2000-06-08 00:00:00,2001-06-08 00:00:00,2000-06-09 00:00:00,2001-06-07 00:00:00,-16.34,-11.62,-4.72,-1.121217,-0.44692
2014-02-09 00:00:00,2015-02-09 00:00:00,2014-02-11 00:00:00,2015-02-06 00:00:00,6.81,15.16,-8.35,0.879529,1.304345
2001-09-07 00:00:00,2002-09-07 00:00:00,2001-09-10 00:00:00,2002-09-06 00:00:00,10.99,-17.1,28.09,0.987194,-0.65715
2020-11-16 00:00:00,2021-11-16 00:00:00,2020-11-17 00:00:00,2021-11-15 00:00:00,14.2,31.44,-17.24,1.540327,2.343693
2005-05-19 00:00:00,2006-05-19 00:00:00,2005-05-20 00:00:00,2006-05-18 00:00:00,-0.72,7.83,-8.55,-0.264038,0.833139
2014-11-15 00:00:00,2015-11-15 00:00:00,2014-11-18 00:00:00,2015-11-13 00:00:00,2.26,0.53,1.73,0.263816,0.110471
2021-10-27 00:00:00,2022-10-27 00:00:00,2021-10-28 00:00:00,2022-10-26 00:00:00,10.3,-15.39,25.69,0.625493,-0.615893
2000-11-04 00:00:00,2001-11-04 00:00:00,2000-11-07 00:00:00,2001-11-02 00:00:00,-5.66,-23.06,17.4,-0.380954,-1.025045
2004-08-24 00:00:00,2005-08-24 00:00:00,2004-08-25 00:00:00,2005-08-23 00:00:00,2.89,12.22,-9.33,0.924796,1.193115
2019-07-08 00:00:00,2020-07-07 00:00:00,2019-07-09 00:00:00,2020-07-06 00:00:00,-12.54,8.81,-21.35,-0.487858,0.424743
2004-04-30 00:00:00,2005-04-30 00:00:00,2004-05-03 00:00:00,2005-04-29 00:00:00,4.64,5.23,-0.59,1.294603,0.520313
2018-06-07 00:00:00,2019-06-07 00:00:00,2018-06-08 00:00:00,2019-06-06 00:00:00,-12.22,4.36,-16.58,-1.247261,0.357416
2017-10-08 00:00:00,2018-10-08 00:00:00,2017-10-10 00:00:00,2018-10-05 00:00:00,3.54,15.1,-11.56,0.458636,1.197986
2008-09-27 00:00:00,2009-09-27 00:00:00,2008-09-30 00:00:00,2009-09-25 00:00:00,-38.86,-7.61,-31.25,-1.740971,0.034003
2005-05-20 00:00:00,2006-05-20 00:00:00,2005-05-23 00:00:00,2006-05-19 00:00:00,-0.72,7.99,-8.71,-0.264038,0.848055
2007-09-24 00:00:00,2008-09-23 00:00:00,2007-09-25 00:00:00,2008-09-22 00:00:00,-3.71,-18.17,14.46,-0.239706,-0.815797
2002-02-15 00:00:00,2003-02-15 00:00:00,2002-02-19 00:00:00,2003-02-14 00:00:00,-12.51,-21.4,8.89,-1.050942,-0.772887
2002-03-15 00:00:00,2003-03-15 00:00:00,2002-03-18 00:00:00,2003-03-14 00:00:00,-10.94,-26.96,16.02,-0.902565,-1.037322
2011-05-27 00:00:00,2012-05-26 00:00:00,2011-05-31 00:00:00,2012-05-25 00:00:00,5.04,-0.02,5.06,0.418322,0.114239
2015-03-07 00:00:00,2016-03-06 00:00:00,2015-03-10 00:00:00,2016-03-04 00:00:00,16.07,-0.2,16.27,1.504175,0.071504
2023-12-18 00:00:00,2024-12-17 00:00:00,2023-12-19 00:00:00,2024-12-16 00:00:00,14.3,28.99,-14.69,1.936033,2.182701
2015-10-04 00:00:00,2016-10-03 00:00:00,2015-10-06 00:00:00,2016-09-30 00:00:00,15.57,11.71,3.86,2.019677,0.855919
2003-10-27 00:00:00,2004-10-26 00:00:00,2003-10-28 00:00:00,2004-10-25 00:00:00,1.92,6.28,-4.36,0.489835,0.604456
2024-03-05 00:00:00,2025-03-05 00:00:00,2024-03-06 00:00:00,2025-03-04 00:00:00,10.4,14.62,-4.22,1.488957,1.130791
2020-02-27 00:00:00,2021-02-26 00:00:00,2020-02-28 00:00:00,2021-02-25 00:00:00,-6.98,31.46,-38.44,-0.218237,0.998138
2022-07-16 00:00:00,2023-07-16 00:00:00,2022-07-19 00:00:00,2023-07-14 00:00:00,20.62,16.4,4.22,1.467141,0.902357
2012-01-23 00:00:00,2013-01-22 00:00:00,2012-01-24 00:00:00,2013-01-18 00:00:00,7.95,15.33,-7.38,1.495178,1.189304
2006-06-23 00:00:00,2007-06-23 00:00:00,2006-06-26 00:00:00,2007-06-22 00:00:00,4.25,22.66,-18.41,1.675669,2.066679
2004-09-12 00:00:00,2005-09-12 00:00:00,2004-09-14 00:00:00,2005-09-09 00:00:00,2.89,11.81,-8.92,0.926642,1.145076
2002-09-15 00:00:00,2003-09-15 00:00:00,2002-09-17 00:00:00,2003-09-12 00:00:00,-12.44,18.65,-31.09,-1.102695,0.897939
2012-04-30 00:00:00,2013-04-30 00:00:00,2012-05-01 00:00:00,2013-04-29 00:00:00,5.97,15.7,-9.73,1.180138,1.211016
2004-07-02 00:00:00,2005-07-02 00:00:00,2004-07-06 00:00:00,2005-07-01 00:00:00,4.57,8.96,-4.39,1.246932,0.863882
2011-06-10 00:00:00,2012-06-09 00:00:00,2011-06-13 00:00:00,2012-06-08 00:00:00,2.82,6.42,-3.6,0.266178,0.386871
2024-03-09 00:00:00,2025-03-09 00:00:00,2024-03-12 00:00:00,2025-03-07 00:00:00,9.99,12.87,-2.88,1.430851,1.007067
2012-05-22 00:00:00,2013-05-22 00:00:00,2012-05-23 00:00:00,2013-05-21 00:00:00,5.0,29.2,-24.2,1.063255,2.12424
2020-03-10 00:00:00,2021-03-10 00:00:00,2020-03-11 00:00:00,2021-03-09 00:00:00,-9.42,43.75,-53.17,-0.382821,1.34639
2013-03-06 00:00:00,2014-03-06 00:00:00,2013-03-07 00:00:00,2014-03-05 00:00:00,6.83,23.75,-16.92,1.963819,1.945066
2018-08-12 00:00:00,2019-08-12 00:00:00,2018-08-14 00:00:00,2019-08-09 00:00:00,-12.53,4.75,-17.28,-1.210885,0.375371
2000-08-15 00:00:00,2001-08-15 00:00:00,2000-08-16 00:00:00,2001-08-14 00:00:00,-3.44,-18.86,15.42,-0.261645,-0.830171
2015-10-13 00:00:00,2016-10-12 00:00:00,2015-10-14 00:00:00,2016-10-11 00:00:00,17.19,9.4,7.79,2.206497,0.705548
2023-03-15 00:00:00,2024-03-14 00:00:00,2023-03-16 00:00:00,2024-03-13 00:00:00,19.22,32.24,-13.02,2.246282,2.453756
2017-08-19 00:00:00,2018-08-19 00:00:00,2017-08-22 00:00:00,2018-08-17 00:00:00,5.1,18.31,-13.21,0.639648,1.425538
2014-02-21 00:00:00,2015-02-21 00:00:00,2014-02-24 00:00:00,2015-02-20 00:00:00,6.77,16.47,-9.7,0.841465,1.396803
2015-06-09 00:00:00,2016-06-08 00:00:00,2015-06-10 00:00:00,2016-06-07 00:00:00,9.82,2.49,7.33,0.99496,0.23182
2008-10-03 00:00:00,2009-10-03 00:00:00,2008-10-06 00:00:00,2009-10-02 00:00:00,-37.92,0.41,-38.33,-1.74648,0.22399
2021-04-26 00:00:00,2022-04-26 00:00:00,2021-04-27 00:00:00,2022-04-25 00:00:00,10.5,3.98,6.52,0.878417,0.330825
2006-07-24 00:00:00,2007-07-24 00:00:00,2006-07-25 00:00:00,2007-07-23 00:00:00,5.45,23.79,-18.34,1.745298,2.222494
2018-03-08 00:00:00,2019-03-08 00:00:00,2018-03-09 00:00:00,2019-03-07 00:00:00,-15.58,0.49,-16.07,-1.653439,0.110765
2024-01-02 00:00:00,2025-01-01 00:00:00,2024-01-03 00:00:00,2024-12-31 00:00:00,19.84,26.62,-6.78,2.476851,1.956676
2022-07-06 00:00:00,2023-07-06 00:00:00,2022-07-07 00:00:00,2023-07-05 00:00:00,19.67,15.78,3.89,1.388589,0.861088
2010-06-30 00:00:00,2011-06-30 00:00:00,2010-07-01 00:00:00,2011-06-29 00:00:00,14.64,29.76,-15.12,2.374932,1.942153
2011-03-22 00:00:00,2012-03-21 00:00:00,2011-03-23 00:00:00,2012-03-20 00:00:00,3.0,10.59,-7.59,0.283502,0.560892
2008-10-23 00:00:00,2009-10-23 00:00:00,2008-10-24 00:00:00,2009-10-22 00:00:00,-46.02,28.87,-74.89,-2.288941,0.874281
2004-03-25 00:00:00,2005-03-25 00:00:00,2004-03-26 00:00:00,2005-03-24 00:00:00,4.94,7.57,-2.63,1.397579,0.7354
2018-11-23 00:00:00,2019-11-23 00:00:00,2018-11-26 00:00:00,2019-11-22 00:00:00,0.26,18.56,-18.3,0.076702,1.210539
2004-09-22 00:00:00,2005-09-22 00:00:00,2004-09-23 00:00:00,2005-09-21 00:00:00,2.89,11.16,-8.27,0.924796,1.088099
2003-10-06 00:00:00,2004-10-05 00:00:00,2003-10-07 00:00:00,2004-10-04 00:00:00,1.56,10.95,-9.39,0.40262,0.996926
2002-02-25 00:00:00,2003-02-25 00:00:00,2002-02-26 00:00:00,2003-02-24 00:00:00,-13.62,-23.46,9.84,-1.133906,-0.875771
2005-03-07 00:00:00,2006-03-07 00:00:00,2005-03-08 00:00:00,2006-03-06 00:00:00,-0.31,6.62,-6.93,-0.070938,0.675587
2020-10-27 00:00:00,2021-10-27 00:00:00,2020-10-28 00:00:00,2021-10-26 00:00:00,16.25,41.55,-25.3,1.683268,2.810067
2002-06-20 00:00:00,2003-06-20 00:00:00,2002-06-21 00:00:00,2003-06-19 00:00:00,-9.99,2.1,-12.09,-0.676675,0.21159
2019-04-25 00:00:00,2020-04-24 00:00:00,2019-04-26 00:00:00,2020-04-23 00:00:00,-19.81,-2.94,-16.87,-0.836107,0.061281
2004-07-06 00:00:00,2005-07-06 00:00:00,2004-07-07 00:00:00,2005-07-05 00:00:00,4.57,9.51,-4.94,1.246932,0.909785
2011-09-17 00:00:00,2012-09-16 00:00:00,2011-09-20 00:00:00,2012-09-14 00:00:00,7.38,24.49,-17.11,0.784802,1.301246
2006-11-19 00:00:00,2007-11-19 00:00:00,2006-11-21 00:00:00,2007-11-16 00:00:00,7.37,5.6,1.77,1.119297,0.45421
2016-06-02 00:00:00,2017-06-02 00:00:00,2016-06-03 00:00:00,2017-06-01 00:00:00,8.17,18.12,-9.95,1.315972,1.798676
2001-04-02 00:00:00,2002-04-02 00:00:00,2001-04-03 00:00:00,2002-04-01 00:00:00,18.09,5.13,12.96,1.507711,0.359323
2011-08-26 00:00:00,2012-08-25 00:00:00,2011-08-29 00:00:00,2012-08-24 00:00:00,5.53,19.08,-13.55,0.584915,1.023346
2020-04-20 00:00:00,2021-04-20 00:00:00,2020-04-21 00:00:00,2021-04-19 00:00:00,10.63,54.51,-43.88,0.841915,2.528884
2013-03-27 00:00:00,2014-03-27 00:00:00,2013-03-28 00:00:00,2014-03-26 00:00:00,7.79,20.44,-12.65,2.159907,1.697094
2018-12-28 00:00:00,2019-12-28 00:00:00,2018-12-31 00:00:00,2019-12-27 00:00:00,12.62,31.63,-19.01,1.403114,2.272575
2019-08-26 00:00:00,2020-08-25 00:00:00,2019-08-27 00:00:00,2020-08-24 00:00:00,-17.82,21.92,-39.74,-0.710488,0.781863
2015-06-08 00:00:00,2016-06-07 00:00:00,2015-06-09 00:00:00,2016-06-06 00:00:00,9.32,3.55,5.77,0.914715,0.294253
2021-09-17 00:00:00,2022-09-17 00:00:00,2021-09-20 00:00:00,2022-09-16 00:00:00,7.89,-9.83,17.72,0.541128,-0.371412
2000-07-31 00:00:00,2001-07-31 00:00:00,2000-08-01 00:00:00,2001-07-30 00:00:00,-13.11,-15.07,1.96,-0.91889,-0.625055
2007-04-01 00:00:00,2008-03-31 00:00:00,2007-04-03 00:00:00,2008-03-28 00:00:00,2.53,-6.7,9.23,0.282255,-0.288393
2011-07-22 00:00:00,2012-07-21 00:00:00,2011-07-25 00:00:00,2012-07-20 00:00:00,1.31,4.14,-2.83,0.1631,0.292268
2017-07-21 00:00:00,2018-07-21 00:00:00,2017-07-24 00:00:00,2018-07-20 00:00:00,5.26,15.43,-10.17,0.640452,1.215884
2002-08-05 00:00:00,2003-08-05 00:00:00,2002-08-06 00:00:00,2003-08-04 00:00:00,-7.41,15.72,-23.13,-0.683653,0.744341
2009-02-25 00:00:00,2010-02-25 00:00:00,2009-02-26 00:00:00,2010-02-24 00:00:00,13.2,49.94,-36.74,0.986716,1.860181
2023-09-20 00:00:00,2024-09-19 00:00:00,2023-09-21 00:00:00,2024-09-18 00:00:00,14.82,31.49,-16.67,1.723238,2.279967
2022-06-19 00:00:00,2023-06-19 00:00:00,2022-06-22 00:00:00,2023-06-16 00:00:00,21.09,19.3,1.79,1.431635,1.003306
2012-04-07 00:00:00,2013-04-07 00:00:00,2012-04-10 00:00:00,2013-04-05 00:00:00,9.37,16.71,-7.34,1.70618,1.298962
2008-11-17 00:00:00,2009-11-17 00:00:00,2008-11-18 00:00:00,2009-11-16 00:00:00,-29.98,31.02,-61.0,-1.614852,0.996968
2006-09-22 00:00:00,2007-09-22 00:00:00,2006-09-25 00:00:00,2007-09-21 00:00:00,7.14,16.86,-9.72,1.315874,1.282671
2022-04-03 00:00:00,2023-04-03 00:00:00,2022-04-05 00:00:00,2023-03-31 00:00:00,5.62,-7.69,13.31,0.400761,-0.229984
2021-01-23 00:00:00,2022-01-23 00:00:00,2021-01-26 00:00:00,2022-01-21 00:00:00,8.69,15.64,-6.95,0.898478,1.161967
2011-07-07 00:00:00,2012-07-06 00:00:00,2011-07-08 00:00:00,2012-07-05 00:00:00,3.77,3.94,-0.17,0.332013,0.283817
2020-06-18 00:00:00,2021-06-18 00:00:00,2020-06-19 00:00:00,2021-06-17 00:00:00,7.83,38.3,-30.47,0.745516,2.187727
2008-04-11 00:00:00,2009-04-11 00:00:00,2008-04-14 00:00:00,2009-04-09 00:00:00,-51.0,-33.75,-17.25,-2.381253,-0.698234
2013-08-29 00:00:00,2014-08-29 00:00:00,2013-08-30 00:00:00,2014-08-28 00:00:00,5.77,24.7,-18.93,1.398889,2.244564
2001-12-07 00:00:00,2002-12-07 00:00:00,2001-12-10 00:00:00,2002-12-06 00:00:00,-10.89,-18.38,7.49,-0.839675,-0.651044
2018-06-04 00:00:00,2019-06-04 00:00:00,2018-06-05 00:00:00,2019-06-03 00:00:00,-14.82,1.74,-16.56,-1.596198,0.190749
2006-11-08 00:00:00,2007-11-08 00:00:00,2006-11-09 00:00:00,2007-11-07 00:00:00,7.19,9.05,-1.86,1.29778,0.696722
2002-09-08 00:00:00,2003-09-08 00:00:00,2002-09-10 00:00:00,2003-09-05 00:00:00,-16.12,14.06,-30.18,-1.441648,0.712129
2017-05-21 00:00:00,2018-05-21 00:00:00,2017-05-23 00:00:00,2018-05-18 00:00:00,9.83,15.19,-5.36,1.182301,1.225925
2016-02-21 00:00:00,2017-02-20 00:00:00,2016-02-23 00:00:00,2017-02-17 00:00:00,5.63,24.86,-19.23,0.952336,2.205174
2013-03-20 00:00:00,2014-03-20 00:00:00,2013-03-21 00:00:00,2014-03-19 00:00:00,10.07,22.82,-12.75,2.086898,1.870631
2009-04-04 00:00:00,2010-04-04 00:00:00,2009-04-07 00:00:00,2010-04-01 00:00:00,9.07,47.17,-38.1,0.86885,2.2264
2009-04-18 00:00:00,2010-04-18 00:00:00,2009-04-21 00:00:00,2010-04-16 00:00:00,15.43,43.14,-27.71,1.550556,2.189412
2020-05-26 00:00:00,2021-05-26 00:00:00,2020-05-27 00:00:00,2021-05-25 00:00:00,3.76,40.0,-36.24,0.358477,2.073484
2022-09-27 00:00:00,2023-09-27 00:00:00,2022-09-28 00:00:00,2023-09-26 00:00:00,17.35,16.75,0.6,1.327275,0.992436
2007-02-10 00:00:00,2008-02-10 00:00:00,2007-02-13 00:00:00,2008-02-08 00:00:00,-2.81,-6.31,3.5,-0.209951,-0.291465
2000-07-03 00:00:00,2001-07-03 00:00:00,2000-07-05 00:00:00,2001-07-02 00:00:00,-13.53,-13.21,-0.32,-1.021436,-0.534253
2002-04-20 00:00:00,2003-04-20 00:00:00,2002-04-23 00:00:00,2003-04-17 00:00:00,-9.24,-17.58,8.34,-0.602624,-0.570354
2006-10-24 00:00:00,2007-10-24 00:00:00,2006-10-25 00:00:00,2007-10-23 00:00:00,17.1,11.75,5.35,2.378165,0.906423
2001-04-27 00:00:00,2002-04-27 00:00:00,2001-04-30 00:00:00,2002-04-26 00:00:00,9.8,-14.11,23.91,0.976673,-0.732957
2016-01-30 00:00:00,2017-01-29 00:00:00,2016-02-02 00:00:00,2017-01-27 00:00:00,10.34,22.99,-12.65,1.581124,1.907863
2013-11-06 00:00:00,2014-11-06 00:00:00,2013-11-07 00:00:00,2014-11-05 00:00:00,7.19,17.92,-10.73,1.25514,1.585019
2014-05-15 00:00:00,2015-05-15 00:00:00,2014-05-16 00:00:00,2015-05-14 00:00:00,7.78,15.06,-7.28,0.872437,1.272685
2014-11-27 00:00:00,2015-11-27 00:00:00,2014-12-01 00:00:00,2015-11-25 00:00:00,12.01,3.78,8.23,1.024347,0.322691
2001-10-07 00:00:00,2002-10-07 00:00:00,2001-10-09 00:00:00,2002-10-04 00:00:00,5.12,-22.65,27.77,0.439466,-0.926516
2020-03-12 00:00:00,2021-03-12 00:00:00,2020-03-13 00:00:00,2021-03-11 00:00:00,-5.81,48.85,-54.66,-0.181932,1.579379
2013-09-19 00:00:00,2014-09-19 00:00:00,2013-09-20 00:00:00,2014-09-18 00:00:00,6.87,19.96,-13.09,1.51542,1.878049
2013-01-09 00:00:00,2014-01-09 00:00:00,2013-01-10 00:00:00,2014-01-08 00:00:00,9.18,27.3,-18.12,2.392406,2.294092
2019-08-25 00:00:00,2020-08-24 00:00:00,2019-08-27 00:00:00,2020-08-21 00:00:00,-6.6,20.7,-27.3,-0.196008,0.752011
2024-05-14 00:00:00,2025-05-14 00:00:00,2024-05-15 00:00:00,2025-05-13 00:00:00,6.49,12.18,-5.69,0.505089,0.673899
2004-01-07 00:00:00,2005-01-06 00:00:00,2004-01-08 00:00:00,2005-01-05 00:00:00,4.58,6.08,-1.5,1.076481,0.585378
2017-10-16 00:00:00,2018-10-16 00:00:00,2017-10-17 00:00:00,2018-10-15 00:00:00,2.22,9.37,-7.15,0.294591,0.749897
2021-08-20 00:00:00,2022-08-20 00:00:00,2021-08-23 00:00:00,2022-08-19 00:00:00,5.05,-4.27,9.32,0.382923,-0.109187
2002-12-04 00:00:00,2003-12-04 00:00:00,2002-12-05 00:00:00,2003-12-03 00:00:00,-7.1,19.14,-26.24,-0.599203,1.106291
2017-06-14 00:00:00,2018-06-14 00:00:00,2017-06-15 00:00:00,2018-06-13 00:00:00,8.45,16.23,-7.78,1.003024,1.279052
2021-10-13 00:00:00,2022-10-13 00:00:00,2021-10-14 00:00:00,2022-10-12 00:00:00,2.38,-18.2,20.58,0.222277,-0.792823
2013-06-23 00:00:00,2014-06-23 00:00:00,2013-06-25 00:00:00,2014-06-20 00:00:00,10.02,26.0,-15.98,2.963504,2.340536
2008-09-25 00:00:00,2009-09-25 00:00:00,2008-09-26 00:00:00,2009-09-24 00:00:00,-42.81,-10.85,-31.96,-1.855063,-0.038196
2017-07-08 00:00:00,2018-07-08 00:00:00,2017-07-11 00:00:00,2018-07-06 00:00:00,4.81,15.85,-11.04,0.59375,1.253041
2020-06-10 00:00:00,2021-06-10 00:00:00,2020-06-11 00:00:00,2021-06-09 00:00:00,8.48,42.51,-34.03,0.795866,2.359863
2015-07-25 00:00:00,2016-07-24 00:00:00,2015-07-28 00:00:00,2016-07-22 00:00:00,17.69,6.03,11.66,1.581822,0.431869
2001-10-07 00:00:00,2002-10-07 00:00:00,2001-10-09 00:00:00,2002-10-04 00:00:00,4.82,-22.65,27.47,0.419639,-0.926516
2010-10-04 00:00:00,2011-10-04 00:00:00,2010-10-05 00:00:00,2011-10-03 00:00:00,9.82,-3.38,13.2,0.792127,-0.074248
2008-10-31 00:00:00,2009-10-31 00:00:00,2008-11-03 00:00:00,2009-10-30 00:00:00,-34.24,9.41,-43.65,-1.736047,0.433808
2004-01-10 00:00:00,2005-01-09 00:00:00,2004-01-13 00:00:00,2005-01-07 00:00:00,5.11,7.24,-2.13,1.19092,0.687839
2003-08-22 00:00:00,2004-08-21 00:00:00,2003-08-25 00:00:00,2004-08-20 00:00:00,-7.45,12.31,-19.76,-1.428402,1.064666
2005-03-23 00:00:00,2006-03-23 00:00:00,2005-03-24 00:00:00,2006-03-22 00:00:00,-1.14,13.27,-14.41,-0.212989,1.274328
2021-01-01 00:00:00,2022-01-01 00:00:00,2021-01-05 00:00:00,2021-12-31 00:00:00,13.87,29.61,-15.74,1.395358,2.085504
2007-05-19 00:00:00,2008-05-18 00:00:00,2007-05-22 00:00:00,2008-05-16 00:00:00,3.03,-4.58,7.61,0.275224,-0.150163
2003-08-21 00:00:00,2004-08-20 00:00:00,2003-08-22 00:00:00,2004-08-19 00:00:00,-11.15,11.7,-22.85,-1.975985,1.019298
2001-12-29 00:00:00,2002-12-29 00:00:00,2002-01-02 00:00:00,2002-12-27 00:00:00,1.09,-23.17,24.26,0.148331,-0.871713
2010-03-16 00:00:00,2011-03-16 00:00:00,2010-03-17 00:00:00,2011-03-15 00:00:00,16.64,11.94,4.7,1.311892,0.733715
2021-06-22 00:00:00,2022-06-22 00:00:00,2021-06-23 00:00:00,2022-06-21 00:00:00,-0.22,-9.99,9.77,0.064051,-0.443902
2021-05-22 00:00:00,2022-05-22 00:00:00,2021-05-25 00:00:00,2022-05-20 00:00:00,4.07,-5.61,9.68,0.357284,-0.23879
2013-09-06 00:00:00,2014-09-06 00:00:00,2013-09-09 00:00:00,2014-09-05 00:00:00,6.54,22.33,-15.79,1.229305,2.065164
2016-02-20 00:00:00,2017-02-19 00:00:00,2016-02-23 00:00:00,2017-02-17 00:00:00,5.21,24.86,-19.65,0.886546,2.205174
2015-07-10 00:00:00,2016-07-09 00:00:00,2015-07-13 00:00:00,2016-07-08 00:00:00,13.46,3.57,9.89,1.189239,0.291839
2015-02-26 00:00:00,2016-02-26 00:00:00,2015-02-27 00:00:00,2016-02-25 00:00:00,16.88,-5.26,22.14,1.393564,-0.242628
2022-12-23 00:00:00,2023-12-23 00:00:00,2022-12-27 00:00:00,2023-12-22 00:00:00,13.8,26.07,-12.27,1.454572,1.832996
2018-12-31 00:00:00,2019-12-31 00:00:00,2019-01-02 00:00:00,2019-12-30 00:00:00,12.95,30.77,-17.82,1.437879,2.216775
2015-09-17 00:00:00,2016-09-16 00:00:00,2015-09-18 00:00:00,2016-09-15 00:00:00,11.29,11.95,-0.66,1.232067,0.847506
2015-01-18 00:00:00,2016-01-18 00:00:00,2015-01-21 00:00:00,2016-01-15 00:00:00,9.8,-5.61,15.41,0.885425,-0.288446
2021-12-16 00:00:00,2022-12-16 00:00:00,2021-12-17 00:00:00,2022-12-15 00:00:00,7.7,-14.29,21.99,0.491464,-0.520961
2018-02-12 00:00:00,2019-02-12 00:00:00,2018-02-13 00:00:00,2019-02-11 00:00:00,-12.31,3.67,-15.98,-1.213926,0.303602
2009-11-17 00:00:00,2010-11-17 00:00:00,2009-11-18 00:00:00,2010-11-16 00:00:00,3.48,8.29,-4.81,0.343987,0.535876
2007-11-11 00:00:00,2008-11-10 00:00:00,2007-11-13 00:00:00,2008-11-07 00:00:00,-28.0,-35.27,7.27,-1.364038,-1.035116
2001-06-20 00:00:00,2002-06-20 00:00:00,2001-06-21 00:00:00,2002-06-19 00:00:00,18.36,-16.37,34.73,1.369128,-0.822762
2003-06-11 00:00:00,2004-06-10 00:00:00,2003-06-12 00:00:00,2004-06-09 00:00:00,-17.37,14.88,-32.25,-2.730299,1.190897
2020-11-26 00:00:00,2021-11-26 00:00:00,2020-11-30 00:00:00,2021-11-24 00:00:00,13.13,31.48,-18.35,1.466884,2.389321
2017-05-28 00:00:00,2018-05-28 00:00:00,2017-05-31 00:00:00,2018-05-25 00:00:00,10.15,14.87,-4.72,1.212159,1.201201
2018-11-01 00:00:00,2019-11-01 00:00:00,2018-11-02 00:00:00,2019-10-31 00:00:00,-2.21,13.78,-15.99,-0.162333,0.906562
2021-05-07 00:00:00,2022-05-07 00:00:00,2021-05-10 00:00:00,2022-05-06 00:00:00,11.66,-0.28,11.94,0.927426,0.067776
2017-04-22 00:00:00,2018-04-22 00:00:00,2017-04-25 00:00:00,2018-04-20 00:00:00,10.88,13.9,-3.02,1.334956,1.145325
2014-04-10 00:00:00,2015-04-10 00:00:00,2014-04-11 00:00:00,2015-04-09 00:00:00,4.29,17.34,-13.05,0.518891,1.466461
2016-02-02 00:00:00,2017-02-01 00:00:00,2016-02-03 00:00:00,2017-01-31 00:00:00,9.55,21.49,-11.94,1.479443,1.792757
2003-04-26 00:00:00,2004-04-25 00:00:00,2003-04-29 00:00:00,2004-04-23 00:00:00,-14.51,26.11,-40.62,-1.93691,1.918482
2020-05-31 00:00:00,2021-05-31 00:00:00,2020-06-02 00:00:00,2021-05-28 00:00:00,3.17,38.53,-35.36,0.313382,2.01727
2015-06-10 00:00:00,2016-06-09 00:00:00,2015-06-11 00:00:00,2016-06-08 00:00:00,13.97,2.49,11.48,1.242314,0.232038
2018-06-13 00:00:00,2019-06-13 00:00:00,2018-06-14 00:00:00,2019-06-12 00:00:00,-11.76,5.47,-17.23,-1.193037,0.426459
2022-07-06 00:00:00,2023-07-06 00:00:00,2022-07-07 00:00:00,2023-07-05 00:00:00,19.67,15.78,3.89,1.388589,0.861088
2010-04-26 00:00:00,2011-04-26 00:00:00,2010-04-27 00:00:00,2011-04-25 00:00:00,7.79,15.04,-7.25,0.669406,0.890407
2014-07-24 00:00:00,2015-07-24 00:00:00,2014-07-25 00:00:00,2015-07-23 00:00:00,7.23,8.39,-1.16,0.771128,0.728707
2020-04-22 00:00:00,2021-04-22 00:00:00,2020-04-23 00:00:00,2021-04-21 00:00:00,8.23,51.48,-43.25,0.681576,2.427572
2018-07-21 00:00:00,2019-07-21 00:00:00,2018-07-24 00:00:00,2019-07-19 00:00:00,-8.8,7.61,-16.41,-0.871007,0.560451
2010-03-22 00:00:00,2011-03-22 00:00:00,2010-03-23 00:00:00,2011-03-21 00:00:00,10.25,12.7,-2.45,0.842803,0.765863
2019-08-25 00:00:00,2020-08-24 00:00:00,2019-08-27 00:00:00,2020-08-21 00:00:00,-18.11,20.7,-38.81,-0.727098,0.752011
2011-04-20 00:00:00,2012-04-19 00:00:00,2011-04-21 00:00:00,2012-04-18 00:00:00,3.62,5.79,-2.17,0.324228,0.363148
2011-01-17 00:00:00,2012-01-17 00:00:00,2011-01-19 00:00:00,2012-01-13 00:00:00,4.83,2.57,2.26,0.403919,0.22665
2005-12-09 00:00:00,2006-12-09 00:00:00,2005-12-12 00:00:00,2006-12-08 00:00:00,2.64,13.88,-11.24,0.843155,1.352143
2020-06-29 00:00:00,2021-06-29 00:00:00,2020-06-30 00:00:00,2021-06-28 00:00:00,8.41,40.69,-32.28,0.801407,2.362924
2012-04-21 00:00:00,2013-04-21 00:00:00,2012-04-24 00:00:00,2013-04-19 00:00:00,5.06,15.75,-10.69,1.023511,1.213328
2014-12-03 00:00:00,2015-12-03 00:00:00,2014-12-04 00:00:00,2015-12-02 00:00:00,7.57,2.45,5.12,0.784724,0.23577
2023-04-12 00:00:00,2024-04-11 00:00:00,2023-04-13 00:00:00,2024-04-10 00:00:00,14.18,26.14,-11.96,1.793584,2.096726
2019-10-16 00:00:00,2020-10-15 00:00:00,2019-10-17 00:00:00,2020-10-14 00:00:00,-26.98,18.5,-45.48,-1.208547,0.685351
2002-09-08 00:00:00,2003-09-08 00:00:00,2002-09-10 00:00:00,2003-09-05 00:00:00,3.48,14.06,-10.58,0.366511,0.712126
2010-11-24 00:00:00,2011-11-24 00:00:00,2010-11-26 00:00:00,2011-11-23 00:00:00,2.91,0.07,2.84,0.281606,0.113474
2008-04-28 00:00:00,2009-04-28 00:00:00,2008-04-29 00:00:00,2009-04-27 00:00:00,-50.34,-36.66,-13.68,-2.167428,-0.791882
2021-01-30 00:00:00,2022-01-30 00:00:00,2021-02-02 00:00:00,2022-01-28 00:00:00,4.93,17.37,-12.44,0.541314,1.299194
2013-04-10 00:00:00,2014-04-10 00:00:00,2013-04-11 00:00:00,2014-04-09 00:00:00,8.73,19.9,-11.17,2.40938,1.644328
2002-09-26 00:00:00,2003-09-26 00:00:00,2002-09-27 00:00:00,2003-09-25 00:00:00,-0.49,23.18,-23.67,-0.018221,1.090915
2012-07-11 00:00:00,2013-07-11 00:00:00,2012-07-12 00:00:00,2013-07-10 00:00:00,9.77,26.49,-16.72,2.19263,2.027812
2002-03-29 00:00:00,2003-03-29 00:00:00,2002-04-02 00:00:00,2003-03-28 00:00:00,0.45,-22.6,23.05,0.09969,-0.804618
2006-12-22 00:00:00,2007-12-22 00:00:00,2006-12-26 00:00:00,2007-12-21 00:00:00,3.52,6.56,-3.04,0.472525,0.483763
2016-04-20 00:00:00,2017-04-20 00:00:00,2016-04-21 00:00:00,2017-04-19 00:00:00,5.38,14.02,-8.64,0.906091,1.401007
2009-08-20 00:00:00,2010-08-20 00:00:00,2009-08-21 00:00:00,2010-08-19 00:00:00,-9.64,6.78,-16.42,-0.979998,0.448374
2018-12-14 00:00:00,2019-12-14 00:00:00,2018-12-17 00:00:00,2019-12-13 00:00:00,4.5,26.73,-22.23,0.505203,1.758018
2004-01-18 00:00:00,2005-01-17 00:00:00,2004-01-21 00:00:00,2005-01-14 00:00:00,5.11,4.7,0.41,1.190906,0.470273
2014-11-19 00:00:00,2015-11-19 00:00:00,2014-11-20 00:00:00,2015-11-18 00:00:00,4.46,3.58,0.88,0.4586,0.308867
2023-10-03 00:00:00,2024-10-02 00:00:00,2023-10-04 00:00:00,2024-10-01 00:00:00,15.13,35.71,-20.58,2.079235,2.548281
2017-09-08 00:00:00,2018-09-08 00:00:00,2017-09-11 00:00:00,2018-09-07 00:00:00,5.07,17.56,-12.49,0.635547,1.374201
2008-02-10 00:00:00,2009-02-09 00:00:00,2008-02-12 00:00:00,2009-02-06 00:00:00,-39.54,-34.01,-5.53,-1.910275,-0.777976
2018-07-23 00:00:00,2019-07-23 00:00:00,2018-07-24 00:00:00,2019-07-22 00:00:00,-9.31,7.88,-17.19,-0.923497,0.575433
2011-03-28 00:00:00,2012-03-27 00:00:00,2011-03-29 00:00:00,2012-03-26 00:00:00,1.34,9.65,-8.31,0.166117,0.522633
2015-02-05 00:00:00,2016-02-05 00:00:00,2015-02-06 00:00:00,2016-02-04 00:00:00,12.04,-4.86,16.9,1.125823,-0.231405
2023-02-22 00:00:00,2024-02-22 00:00:00,2023-02-23 00:00:00,2024-02-21 00:00:00,12.45,25.98,-13.53,1.500043,1.968717
2021-05-01 00:00:00,2022-05-01 00:00:00,2021-05-04 00:00:00,2022-04-29 00:00:00,11.37,0.43,10.94,0.908489,0.108305
2018-10-08 00:00:00,2019-10-08 00:00:00,2018-10-09 00:00:00,2019-10-07 00:00:00,-6.65,4.0,-10.65,-0.534401,0.318673
2001-04-23 00:00:00,2002-04-23 00:00:00,2001-04-24 00:00:00,2002-04-22 00:00:00,7.73,-7.52,15.25,1.043116,-0.330085
2001-03-26 00:00:00,2002-03-26 00:00:00,2001-03-27 00:00:00,2002-03-25 00:00:00,8.93,-2.73,11.66,0.903882,-0.038075
2007-12-27 00:00:00,2008-12-26 00:00:00,2007-12-28 00:00:00,2008-12-24 00:00:00,-43.3,-39.75,-3.55,-2.162505,-1.026401
2008-09-08 00:00:00,2009-09-08 00:00:00,2008-09-09 00:00:00,2009-09-04 00:00:00,-40.94,-14.94,-26.0,-1.799272,-0.132577
2000-08-20 00:00:00,2001-08-20 00:00:00,2000-08-22 00:00:00,2001-08-17 00:00:00,-6.85,-21.43,14.58,-0.525996,-0.975605
2022-03-18 00:00:00,2023-03-18 00:00:00,2022-03-21 00:00:00,2023-03-17 00:00:00,2.59,-10.75,13.34,0.234465,-0.37417
2002-03-23 00:00:00,2003-03-23 00:00:00,2002-03-26 00:00:00,2003-03-21 00:00:00,-9.17,-20.19,11.02,-0.694607,-0.701084
2015-09-25 00:00:00,2016-09-24 00:00:00,2015-09-28 00:00:00,2016-09-23 00:00:00,14.58,17.36,-2.78,1.907318,1.187663
2018-10-10 00:00:00,2019-10-10 00:00:00,2018-10-11 00:00:00,2019-10-09 00:00:00,-4.55,9.14,-13.69,-0.350673,0.615891
2021-02-08 00:00:00,2022-02-08 00:00:00,2021-02-09 00:00:00,2022-02-07 00:00:00,10.21,16.14,-5.93,0.998321,1.188441
2020-02-18 00:00:00,2021-02-17 00:00:00,2020-02-19 00:00:00,2021-02-16 00:00:00,-17.72,18.11,-35.83,-0.740944,0.667203
2019-10-28 00:00:00,2020-10-27 00:00:00,2019-10-29 00:00:00,2020-10-26 00:00:00,-17.18,14.1,-31.28,-0.734352,0.568683
2011-09-30 00:00:00,2012-09-29 00:00:00,2011-10-03 00:00:00,2012-09-28 00:00:00,11.36,33.77,-22.41,1.277444,1.808764
2005-11-10 00:00:00,2006-11-10 00:00:00,2005-11-11 00:00:00,2006-11-09 00:00:00,1.58,13.69,-12.11,0.542267,1.340625
2007-01-19 00:00:00,2008-01-19 00:00:00,2007-01-22 00:00:00,2008-01-18 00:00:00,-1.24,-5.54,4.3,-0.100729,-0.260552
2007-02-06 00:00:00,2008-02-06 00:00:00,2007-02-07 00:00:00,2008-02-05 00:00:00,0.05,-5.93,5.98,0.051001,-0.266967
2020-12-18 00:00:00,2021-12-18 00:00:00,2020-12-21 00:00:00,2021-12-17 00:00:00,13.2,26.68,-13.48,1.367301,1.92777
2007-06-28 00:00:00,2008-06-27 00:00:00,2007-06-29 00:00:00,2008-06-26 00:00:00,-0.19,-13.04,12.85,0.038839,-0.615756
2008-11-09 00:00:00,2009-11-09 00:00:00,2008-11-11 00:00:00,2009-11-06 00:00:00,-34.48,22.43,-56.91,-1.821562,0.772705
2006-07-21 00:00:00,2007-07-21 00:00:00,2006-07-24 00:00:00,2007-07-20 00:00:00,5.45,23.86,-18.41,1.745232,2.22734
2016-11-05 00:00:00,2017-11-05 00:00:00,2016-11-08 00:00:00,2017-11-03 00:00:00,10.16,23.15,-12.99,1.978983,3.070443
2009-09-06 00:00:00,2010-09-06 00:00:00,2009-09-09 00:00:00,2010-09-03 00:00:00,-1.74,8.95,-10.69,-0.109444,0.554029
2022-12-12 00:00:00,2023-12-12 00:00:00,2022-12-13 00:00:00,2023-12-11 00:00:00,10.17,16.74,-6.57,1.086352,1.219275
2007-09-24 00:00:00,2008-09-23 00:00:00,2007-09-25 00:00:00,2008-09-22 00:00:00,-3.96,-18.17,14.21,-0.260328,-0.815799
2016-03-06 00:00:00,2017-03-06 00:00:00,2016-03-08 00:00:00,2017-03-03 00:00:00,5.47,22.75,-17.28,0.954132,2.104604
2010-07-13 00:00:00,2011-07-13 00:00:00,2010-07-14 00:00:00,2011-07-12 00:00:00,13.79,22.24,-8.45,2.262719,1.53156
2024-01-06 00:00:00,2025-01-05 00:00:00,2024-01-09 00:00:00,2025-01-03 00:00:00,16.5,26.52,-10.02,1.958625,1.96112
2009-03-08 00:00:00,2010-03-08 00:00:00,2009-03-10 00:00:00,2010-03-05 00:00:00,11.85,61.97,-50.12,0.995207,2.371645
2012-03-22 00:00:00,2013-03-22 00:00:00,2012-03-23 00:00:00,2013-03-21 00:00:00,9.37,12.99,-3.62,1.702693,1.023045
2005-01-04 00:00:00,2006-01-04 00:00:00,2005-01-05 00:00:00,2006-01-03 00:00:00,-0.12,9.26,-9.38,-0.014854,0.910543
2002-11-20 00:00:00,2003-11-20 00:00:00,2002-11-21 00:00:00,2003-11-19 00:00:00,-1.89,13.13,-15.02,-0.154916,0.79272
2014-04-28 00:00:00,2015-04-28 00:00:00,2014-04-29 00:00:00,2015-04-27 00:00:00,2.04,14.46,-12.42,0.274112,1.244067
2003-11-18 00:00:00,2004-11-17 00:00:00,2003-11-19 00:00:00,2004-11-16 00:00:00,3.48,14.72,-11.24,0.812345,1.277711
2002-01-17 00:00:00,2003-01-17 00:00:00,2002-01-18 00:00:00,2003-01-16 00:00:00,-11.45,-17.39,5.94,-0.881422,-0.587485
2001-10-03 00:00:00,2002-10-03 00:00:00,2001-10-04 00:00:00,2002-10-02 00:00:00,2.82,-21.5,24.32,0.280992,-0.867463
2004-05-17 00:00:00,2005-05-17 00:00:00,2004-05-18 00:00:00,2005-05-16 00:00:00,2.54,8.61,-6.07,0.712605,0.815815
2000-07-08 00:00:00,2001-07-08 00:00:00,2000-07-11 00:00:00,2001-07-06 00:00:00,-5.65,-18.75,13.1,-0.386719,-0.830746
2018-11-09 00:00:00,2019-11-09 00:00:00,2018-11-12 00:00:00,2019-11-08 00:00:00,0.48,15.6,-15.12,0.099017,1.023702
2009-09-23 00:00:00,2010-09-23 00:00:00,2009-09-24 00:00:00,2010-09-22 00:00:00,0.3,10.14,-9.84,0.081517,0.61117
2014-03-30 00:00:00,2015-03-30 00:00:00,2014-04-01 00:00:00,2015-03-27 00:00:00,0.49,11.43,-10.94,0.100401,0.989152
2020-02-24 00:00:00,2021-02-23 00:00:00,2020-02-25 00:00:00,2021-02-22 00:00:00,-20.49,26.1,-46.59,-0.825187,0.868082
2018-11-12 00:00:00,2019-11-12 00:00:00,2018-11-13 00:00:00,2019-11-11 00:00:00,0.67,15.59,-14.92,0.117389,1.023443
2019-01-21 00:00:00,2020-01-21 00:00:00,2019-01-23 00:00:00,2020-01-17 00:00:00,14.16,28.41,-14.25,1.552355,2.216582
2005-08-02 00:00:00,2006-08-02 00:00:00,2005-08-03 00:00:00,2006-08-01 00:00:00,1.59,3.85,-2.26,0.431934,0.399688
2015-01-16 00:00:00,2016-01-16 00:00:00,2015-01-20 00:00:00,2016-01-15 00:00:00,4.83,-5.13,9.96,0.525759,-0.255639
2021-11-13 00:00:00,2022-11-13 00:00:00,2021-11-16 00:00:00,2022-11-11 00:00:00,6.02,-13.8,19.82,0.40906,-0.501089
2009-10-09 00:00:00,2010-10-09 00:00:00,2009-10-12 00:00:00,2010-10-08 00:00:00,-4.7,10.37,-15.07,-0.373046,0.625193
2002-05-17 00:00:00,2003-05-17 00:00:00,2002-05-20 00:00:00,2003-05-16 00:00:00,-8.22,-12.05,3.83,-0.754451,-0.341264
2002-12-30 00:00:00,2003-12-30 00:00:00,2002-12-31 00:00:00,2003-12-29 00:00:00,-0.58,28.04,-28.62,-0.037134,1.584961
2006-11-24 00:00:00,2007-11-24 00:00:00,2006-11-27 00:00:00,2007-11-23 00:00:00,3.71,6.07,-2.36,0.553842,0.478583
2005-06-02 00:00:00,2006-06-02 00:00:00,2005-06-03 00:00:00,2006-06-01 00:00:00,-0.02,9.04,-9.06,0.004681,0.918121
2022-05-07 00:00:00,2023-05-07 00:00:00,2022-05-10 00:00:00,2023-05-05 00:00:00,11.21,5.14,6.07,0.726649,0.341324
2013-09-30 00:00:00,2014-09-30 00:00:00,2013-10-01 00:00:00,2014-09-29 00:00:00,4.84,18.92,-14.08,1.056914,1.763619
2022-05-31 00:00:00,2023-05-31 00:00:00,2022-06-01 00:00:00,2023-05-30 00:00:00,13.28,4.32,8.96,0.873884,0.308223
2022-04-28 00:00:00,2023-04-28 00:00:00,2022-04-29 00:00:00,2023-04-27 00:00:00,6.87,1.8,5.07,0.481268,0.192168
2006-09-16 00:00:00,2007-09-16 00:00:00,2006-09-19 00:00:00,2007-09-14 00:00:00,7.14,14.54,-7.4,1.3185,1.154606
2016-11-13 00:00:00,2017-11-13 00:00:00,2016-11-15 00:00:00,2017-11-10 00:00:00,7.77,20.63,-12.86,1.581195,2.807461
2020-12-12 00:00:00,2021-12-12 00:00:00,2020-12-15 00:00:00,2021-12-10 00:00:00,13.63,29.16,-15.53,1.44177,2.118507
2017-02-10 00:00:00,2018-02-10 00:00:00,2017-02-13 00:00:00,2018-02-09 00:00:00,8.63,14.53,-5.9,1.310538,1.471459
2010-05-18 00:00:00,2011-05-18 00:00:00,2010-05-19 00:00:00,2011-05-17 00:00:00,6.98,21.52,-14.54,0.721369,1.300105
2004-11-09 00:00:00,2005-11-09 00:00:00,2004-11-10 00:00:00,2005-11-08 00:00:00,0.48,6.59,-6.11,0.1513,0.669223
2023-06-19 00:00:00,2024-06-18 00:00:00,2023-06-21 00:00:00,2024-06-17 00:00:00,18.16,27.14,-8.98,2.215377,2.214231
2005-11-22 00:00:00,2006-11-22 00:00:00,2005-11-23 00:00:00,2006-11-21 00:00:00,2.39,12.73,-10.34,0.836308,1.262185
2007-02-16 00:00:00,2008-02-16 00:00:00,2007-02-20 00:00:00,2008-02-15 00:00:00,2.04,-5.76,7.8,0.265062,-0.254705
2022-06-12 00:00:00,2023-06-12 00:00:00,2022-06-14 00:00:00,2023-06-09 00:00:00,21.52,16.93,4.59,1.398373,0.885949
2002-09-26 00:00:00,2003-09-26 00:00:00,2002-09-27 00:00:00,2003-09-25 00:00:00,-7.71,23.18,-30.89,-0.677604,1.090915
2017-02-03 00:00:00,2018-02-03 00:00:00,2017-02-06 00:00:00,2018-02-02 00:00:00,13.52,22.66,-9.14,2.602285,2.844825
2003-10-29 00:00:00,2004-10-28 00:00:00,2003-10-30 00:00:00,2004-10-27 00:00:00,3.48,8.83,-5.35,0.812345,0.808053
2017-10-17 00:00:00,2018-10-17 00:00:00,2017-10-18 00:00:00,2018-10-16 00:00:00,2.22,11.65,-9.43,0.2946,0.897421
2011-06-14 00:00:00,2012-06-13 00:00:00,2011-06-15 00:00:00,2012-06-12 00:00:00,4.48,6.84,-2.36,0.379919,0.404553
2001-03-09 00:00:00,2002-03-09 00:00:00,2001-03-12 00:00:00,2002-03-08 00:00:00,17.22,0.34,16.88,1.405915,0.122114
2013-08-31 00:00:00,2014-08-31 00:00:00,2013-09-04 00:00:00,2014-08-29 00:00:00,5.77,23.47,-17.7,1.401703,2.156828
2004-04-18 00:00:00,2005-04-18 00:00:00,2004-04-20 00:00:00,2005-04-15 00:00:00,6.01,3.99,2.02,1.68502,0.419112
2004-03-30 00:00:00,2005-03-30 00:00:00,2004-03-31 00:00:00,2005-03-29 00:00:00,5.07,5.05,0.02,1.434113,0.517758
2009-02-13 00:00:00,2010-02-13 00:00:00,2009-02-17 00:00:00,2010-02-12 00:00:00,1.36,39.54,-38.18,0.166769,1.516097
2004-07-18 00:00:00,2005-07-18 00:00:00,2004-07-20 00:00:00,2005-07-15 00:00:00,4.57,12.23,-7.66,1.249392,1.144956
2014-07-19 00:00:00,2015-07-19 00:00:00,2014-07-22 00:00:00,2015-07-17 00:00:00,7.38,9.31,-1.93,0.786767,0.801157
2008-04-10 00:00:00,2009-04-10 00:00:00,2008-04-11 00:00:00,2009-04-09 00:00:00,-49.95,-33.97,-15.98,-2.243438,-0.704381
2021-02-23 00:00:00,2022-02-23 00:00:00,2021-02-24 00:00:00,2022-02-22 00:00:00,12.26,11.11,1.15,1.165254,0.824643
2024-05-12 00:00:00,2025-05-12 00:00:00,2024-05-14 00:00:00,2025-05-09 00:00:00,6.58,9.22,-2.64,0.511571,0.545412
2005-05-18 00:00:00,2006-05-18 00:00:00,2005-05-19 00:00:00,2006-05-17 00:00:00,0.37,8.22,-7.85,0.137167,0.872061
2008-09-25 00:00:00,2009-09-25 00:00:00,2008-09-26 00:00:00,2009-09-24 00:00:00,-43.13,-10.85,-32.28,-1.863052,-0.038197
2006-11-18 00:00:00,2007-11-18 00:00:00,2006-11-21 00:00:00,2007-11-16 00:00:00,3.65,5.6,-1.95,0.533185,0.454212
2017-09-06 00:00:00,2018-09-06 00:00:00,2017-09-07 00:00:00,2018-09-05 00:00:00,6.51,19.27,-12.76,0.793967,1.487304
2022-05-24 00:00:00,2023-05-24 00:00:00,2022-05-25 00:00:00,2023-05-23 00:00:00,14.38,5.97,8.41,0.934631,0.382087
2012-07-03 00:00:00,2013-07-03 00:00:00,2012-07-05 00:00:00,2013-07-02 00:00:00,9.79,20.49,-10.7,2.082287,1.61643
2017-12-22 00:00:00,2018-12-22 00:00:00,2017-12-26 00:00:00,2018-12-21 00:00:00,-9.95,-8.2,-1.75,-0.913181,-0.458481
2018-12-13 00:00:00,2019-12-13 00:00:00,2018-12-14 00:00:00,2019-12-12 00:00:00,1.57,24.17,-22.6,0.208747,1.597113
2005-03-16 00:00:00,2006-03-16 00:00:00,2005-03-17 00:00:00,2006-03-15 00:00:00,-0.04,11.48,-11.52,0.012969,1.115222
2003-05-08 00:00:00,2004-05-07 00:00:00,2003-05-09 00:00:00,2004-05-06 00:00:00,-9.3,21.17,-30.47,-1.35172,1.596107
2020-12-08 00:00:00,2021-12-08 00:00:00,2020-12-09 00:00:00,2021-12-07 00:00:00,12.96,29.45,-16.49,1.394655,2.128129
2000-10-19 00:00:00,2001-10-19 00:00:00,2000-10-20 00:00:00,2001-10-18 00:00:00,-5.64,-22.27,16.63,-0.361477,-0.988125
2001-11-14 00:00:00,2002-11-14 00:00:00,2001-11-15 00:00:00,2002-11-13 00:00:00,-4.34,-21.36,17.02,-0.254032,-0.800731
2016-10-24 00:00:00,2017-10-24 00:00:00,2016-10-25 00:00:00,2017-10-23 00:00:00,10.52,22.0,-11.48,1.865436,2.781089
2007-11-10 00:00:00,2008-11-09 00:00:00,2007-11-13 00:00:00,2008-11-07 00:00:00,-32.31,-35.27,2.96,-1.594791,-1.035118
2004-11-07 00:00:00,2005-11-07 00:00:00,2004-11-09 00:00:00,2005-11-04 00:00:00,0.48,6.57,-6.09,0.151601,0.668507
2010-08-28 00:00:00,2011-08-28 00:00:00,2010-08-31 00:00:00,2011-08-26 00:00:00,11.4,14.27,-2.87,0.970885,0.824959
2006-08-28 00:00:00,2007-08-28 00:00:00,2006-08-29 00:00:00,2007-08-27 00:00:00,5.34,14.6,-9.26,0.989926,1.201575
2002-10-09 00:00:00,2003-10-09 00:00:00,2002-10-10 00:00:00,2003-10-08 00:00:00,-8.07,31.11,-39.18,-0.6449,1.467419
2019-04-21 00:00:00,2020-04-20 00:00:00,2019-04-23 00:00:00,2020-04-17 00:00:00,-9.73,-0.13,-9.6,-0.377746,0.152042
2011-06-18 00:00:00,2012-06-17 00:00:00,2011-06-21 00:00:00,2012-06-15 00:00:00,3.5,5.82,-2.32,0.314282,0.363344
2008-12-02 00:00:00,2009-12-02 00:00:00,2008-12-03 00:00:00,2009-12-01 00:00:00,-2.45,30.77,-33.22,-0.077656,1.105093
2018-09-07 00:00:00,2019-09-07 00:00:00,2018-09-10 00:00:00,2019-09-06 00:00:00,-8.73,5.5,-14.23,-0.743087,0.406769
2019-03-29 00:00:00,2020-03-28 00:00:00,2019-04-01 00:00:00,2020-03-27 00:00:00,-8.5,-9.53,1.03,-0.371057,-0.201128
2012-10-06 00:00:00,2013-10-06 00:00:00,2012-10-09 00:00:00,2013-10-04 00:00:00,9.0,19.68,-10.68,2.051358,1.625706
2012-11-22 00:00:00,2013-11-22 00:00:00,2012-11-26 00:00:00,2013-11-21 00:00:00,12.54,30.34,-17.8,2.626489,2.42677
2017-01-18 00:00:00,2018-01-18 00:00:00,2017-01-19 00:00:00,2018-01-17 00:00:00,11.66,26.18,-14.52,2.29783,3.455145
2004-03-28 00:00:00,2005-03-28 00:00:00,2004-03-30 00:00:00,2005-03-24 00:00:00,4.94,5.72,-0.78,1.403218,0.579963
2010-01-14 00:00:00,2011-01-14 00:00:00,2010-01-15 00:00:00,2011-01-13 00:00:00,-3.83,15.18,-19.01,-0.2641,0.883718
2016-02-22 00:00:00,2017-02-21 00:00:00,2016-02-23 00:00:00,2017-02-17 00:00:00,4.84,24.86,-20.02,0.828448,2.205182
2020-02-27 00:00:00,2021-02-26 00:00:00,2020-02-28 00:00:00,2021-02-25 00:00:00,-10.82,31.46,-42.28,-0.380139,0.99814
2006-03-27 00:00:00,2007-03-27 00:00:00,2006-03-28 00:00:00,2007-03-26 00:00:00,3.24,12.87,-9.63,0.816493,1.180931
2018-07-03 00:00:00,2019-07-03 00:00:00,2018-07-05 00:00:00,2019-07-02 00:00:00,-8.02,10.69,-18.71,-0.780976,0.74336
2013-09-20 00:00:00,2014-09-20 00:00:00,2013-09-23 00:00:00,2014-09-19 00:00:00,7.13,20.4,-13.27,1.388658,1.918002
2011-11-22 00:00:00,2012-11-21 00:00:00,2011-11-23 00:00:00,2012-11-20 00:00:00,8.63,21.97,-13.34,1.351621,1.484301
2014-05-15 00:00:00,2015-05-15 00:00:00,2014-05-16 00:00:00,2015-05-14 00:00:00,7.78,15.06,-7.28,0.872439,1.272689
2013-10-22 00:00:00,2014-10-22 00:00:00,2013-10-23 00:00:00,2014-10-21 00:00:00,4.5,13.33,-8.83,0.764348,1.228455
2019-06-05 00:00:00,2020-06-04 00:00:00,2019-06-06 00:00:00,2020-06-03 00:00:00,-10.26,11.85,-22.11,-0.367527,0.515365
2020-06-11 00:00:00,2021-06-11 00:00:00,2020-06-12 00:00:00,2021-06-10 00:00:00,7.04,41.48,-34.44,0.677072,2.31752
2021-01-30 00:00:00,2022-01-30 00:00:00,2021-02-02 00:00:00,2022-01-28 00:00:00,4.93,17.37,-12.44,0.541314,1.299194
2012-04-23 00:00:00,2013-04-23 00:00:00,2012-04-24 00:00:00,2013-04-22 00:00:00,5.97,16.26,-10.29,1.180115,1.245111
2017-05-08 00:00:00,2018-05-08 00:00:00,2017-05-09 00:00:00,2018-05-07 00:00:00,11.19,13.6,-2.41,1.3226,1.103171
2023-11-01 00:00:00,2024-10-31 00:00:00,2023-11-02 00:00:00,2024-10-30 00:00:00,16.6,36.47,-19.87,2.062739,2.705814
2008-08-04 00:00:00,2009-08-04 00:00:00,2008-08-05 00:00:00,2009-08-03 00:00:00,-45.79,-19.64,-26.15,-1.946623,-0.255407
2007-07-09 00:00:00,2008-07-08 00:00:00,2007-07-10 00:00:00,2008-07-07 00:00:00,-5.23,-15.49,10.26,-0.325641,-0.760711
2019-10-20 00:00:00,2020-10-19 00:00:00,2019-10-22 00:00:00,2020-10-16 00:00:00,-19.63,18.39,-38.02,-0.822832,0.683962
2011-07-28 00:00:00,2012-07-27 00:00:00,2011-07-29 00:00:00,2012-07-26 00:00:00,3.44,7.53,-4.09,0.310098,0.431503
2003-09-14 00:00:00,2004-09-13 00:00:00,2003-09-16 00:00:00,2004-09-10 00:00:00,-7.59,10.88,-18.47,-1.369501,0.967846
2012-09-12 00:00:00,2013-09-12 00:00:00,2012-09-13 00:00:00,2013-09-11 00:00:00,10.3,18.14,-7.84,2.296737,1.51282
2023-02-23 00:00:00,2024-02-23 00:00:00,2023-02-24 00:00:00,2024-02-22 00:00:00,17.04,29.98,-12.94,1.949552,2.209145
2009-07-11 00:00:00,2010-07-11 00:00:00,2009-07-14 00:00:00,2010-07-09 00:00:00,-10.78,21.43,-32.21,-0.903096,1.152038
2011-10-30 00:00:00,2012-10-29 00:00:00,2011-11-01 00:00:00,2012-10-26 00:00:00,5.45,18.34,-12.89,0.77716,1.199728
2006-09-20 00:00:00,2007-09-20 00:00:00,2006-09-21 00:00:00,2007-09-19 00:00:00,2.4,17.91,-15.51,0.374467,1.352981
2019-06-25 00:00:00,2020-06-24 00:00:00,2019-06-26 00:00:00,2020-06-23 00:00:00,-14.74,9.57,-24.31,-0.569018,0.447266
2022-05-22 00:00:00,2023-05-22 00:00:00,2022-05-24 00:00:00,2023-05-19 00:00:00,14.38,8.08,6.3,0.936512,0.477004
2007-08-02 00:00:00,2008-08-01 00:00:00,2007-08-03 00:00:00,2008-07-31 00:00:00,-8.61,-10.02,1.41,-0.617921,-0.433849
2015-11-03 00:00:00,2016-11-02 00:00:00,2015-11-04 00:00:00,2016-11-01 00:00:00,13.12,2.47,10.65,1.670724,0.245522
2022-10-14 00:00:00,2023-10-14 00:00:00,2022-10-17 00:00:00,2023-10-13 00:00:00,18.33,19.48,-1.15,1.574549,1.215399
2023-05-26 00:00:00,2024-05-25 00:00:00,2023-05-30 00:00:00,2024-05-24 00:00:00,16.39,27.83,-11.44,1.99771,2.241502
2021-09-16 00:00:00,2022-09-16 00:00:00,2021-09-17 00:00:00,2022-09-15 00:00:00,6.09,-10.65,16.74,0.4384,-0.412457
2016-01-15 00:00:00,2017-01-14 00:00:00,2016-01-19 00:00:00,2017-01-13 00:00:00,13.7,23.33,-9.63,1.76115,1.804095
2008-11-12 00:00:00,2009-11-12 00:00:00,2008-11-13 00:00:00,2009-11-11 00:00:00,-28.29,23.95,-52.24,-1.488282,0.819383
2011-02-27 00:00:00,2012-02-27 00:00:00,2011-03-01 00:00:00,2012-02-24 00:00:00,5.63,6.78,-1.15,0.455847,0.403911
2012-02-25 00:00:00,2013-02-24 00:00:00,2012-02-28 00:00:00,2013-02-22 00:00:00,8.03,12.87,-4.84,1.512189,1.017044
2016-11-18 00:00:00,2017-11-18 00:00:00,2016-11-21 00:00:00,2017-11-17 00:00:00,8.78,19.5,-10.72,1.746917,2.653053
2021-05-09 00:00:00,2022-05-09 00:00:00,2021-05-11 00:00:00,2022-05-06 00:00:00,11.66,0.61,11.05,0.929272,0.121062
2004-12-19 00:00:00,2005-12-19 00:00:00,2004-12-21 00:00:00,2005-12-16 00:00:00,1.99,6.81,-4.82,0.485783,0.697496
2006-09-24 00:00:00,2007-09-24 00:00:00,2006-09-26 00:00:00,2007-09-21 00:00:00,6.62,15.9,-9.28,0.912493,1.222398
2016-12-29 00:00:00,2017-12-29 00:00:00,2016-12-30 00:00:00,2017-12-28 00:00:00,10.65,22.17,-11.52,2.085948,3.028292
2016-12-24 00:00:00,2017-12-24 00:00:00,2016-12-28 00:00:00,2017-12-22 00:00:00,10.23,21.53,-11.3,2.004352,2.95105
2021-02-21 00:00:00,2022-02-21 00:00:00,2021-02-23 00:00:00,2022-02-18 00:00:00,13.5,13.55,-0.05,1.264878,0.98083
2015-09-30 00:00:00,2016-09-29 00:00:00,2015-10-01 00:00:00,2016-09-28 00:00:00,16.37,15.18,1.19,1.791525,1.061987
2010-02-25 00:00:00,2011-02-25 00:00:00,2010-02-26 00:00:00,2011-02-24 00:00:00,9.38,20.55,-11.17,0.786801,1.177078
2015-11-23 00:00:00,2016-11-22 00:00:00,2015-11-24 00:00:00,2016-11-21 00:00:00,13.54,7.42,6.12,1.931045,0.586986
2007-08-19 00:00:00,2008-08-18 00:00:00,2007-08-21 00:00:00,2008-08-15 00:00:00,-5.4,-8.37,2.97,-0.444187,-0.346743
2000-08-28 00:00:00,2001-08-28 00:00:00,2000-08-29 00:00:00,2001-08-27 00:00:00,-3.32,-21.19,17.87,-0.16765,-0.949054
2012-06-08 00:00:00,2013-06-08 00:00:00,2012-06-11 00:00:00,2013-06-07 00:00:00,6.35,28.2,-21.85,1.592434,2.121761
2017-12-21 00:00:00,2018-12-21 00:00:00,2017-12-22 00:00:00,2018-12-20 00:00:00,-8.46,-6.4,-2.06,-0.771055,-0.339707
2000-05-10 00:00:00,2001-05-10 00:00:00,2000-05-11 00:00:00,2001-05-09 00:00:00,-13.79,-10.12,-3.67,-0.84539,-0.3602
2024-01-20 00:00:00,2025-01-19 00:00:00,2024-01-23 00:00:00,2025-01-17 00:00:00,19.22,24.83,-5.61,2.594398,1.823583
2011-07-17 00:00:00,2012-07-16 00:00:00,2011-07-19 00:00:00,2012-07-13 00:00:00,1.31,4.45,-3.14,0.163419,0.305742
2012-02-07 00:00:00,2013-02-06 00:00:00,2012-02-08 00:00:00,2013-02-05 00:00:00,7.95,14.21,-6.26,1.495162,1.110507
2014-12-18 00:00:00,2015-12-18 00:00:00,2014-12-19 00:00:00,2015-12-17 00:00:00,10.93,0.64,10.29,1.165687,0.118515
2011-05-29 00:00:00,2012-05-28 00:00:00,2011-06-01 00:00:00,2012-05-25 00:00:00,5.04,2.28,2.76,0.419151,0.214174
2016-01-07 00:00:00,2017-01-06 00:00:00,2016-01-08 00:00:00,2017-01-05 00:00:00,13.99,20.5,-6.51,2.222903,1.543748
2013-01-27 00:00:00,2014-01-27 00:00:00,2013-01-29 00:00:00,2014-01-24 00:00:00,9.31,21.14,-11.83,2.411155,1.778055
2004-12-17 00:00:00,2005-12-17 00:00:00,2004-12-20 00:00:00,2005-12-16 00:00:00,0.33,7.63,-7.3,0.109028,0.769481
2005-04-17 00:00:00,2006-04-17 00:00:00,2005-04-19 00:00:00,2006-04-13 00:00:00,-0.78,13.5,-14.28,-0.239768,1.340447
2002-11-25 00:00:00,2003-11-25 00:00:00,2002-11-26 00:00:00,2003-11-24 00:00:00,2.95,17.05,-14.1,0.452937,0.989442
2016-04-27 00:00:00,2017-04-27 00:00:00,2016-04-28 00:00:00,2017-04-26 00:00:00,6.23,17.29,-11.06,1.191625,1.684235
2000-06-25 00:00:00,2001-06-25 00:00:00,2000-06-27 00:00:00,2001-06-22 00:00:00,-15.03,-14.42,-0.61,-1.123511,-0.596139
2010-09-10 00:00:00,2011-09-10 00:00:00,2010-09-13 00:00:00,2011-09-09 00:00:00,4.2,4.9,-0.7,0.420286,0.349777
2007-02-24 00:00:00,2008-02-24 00:00:00,2007-02-27 00:00:00,2008-02-22 00:00:00,-0.1,-0.99,0.89,0.035196,0.026558
2022-12-22 00:00:00,2023-12-22 00:00:00,2022-12-23 00:00:00,2023-12-21 00:00:00,12.34,25.33,-12.99,1.33624,1.78644
2002-07-10 00:00:00,2003-07-10 00:00:00,2002-07-11 00:00:00,2003-07-09 00:00:00,-7.98,10.16,-18.14,-0.588337,0.502875
2007-02-24 00:00:00,2008-02-24 00:00:00,2007-02-27 00:00:00,2008-02-22 00:00:00,-0.1,-0.99,0.89,0.035196,0.026558
2012-08-29 00:00:00,2013-08-29 00:00:00,2012-08-30 00:00:00,2013-08-28 00:00:00,9.04,19.28,-10.24,2.014068,1.571233
2002-08-24 00:00:00,2003-08-24 00:00:00,2002-08-27 00:00:00,2003-08-22 00:00:00,-7.21,7.78,-14.99,-0.783863,0.447266
2012-02-08 00:00:00,2013-02-07 00:00:00,2012-02-09 00:00:00,2013-02-06 00:00:00,7.95,14.15,-6.2,1.495162,1.106356
2009-06-02 00:00:00,2010-06-02 00:00:00,2009-06-03 00:00:00,2010-06-01 00:00:00,1.42,17.12,-15.7,0.208291,0.978453
2017-05-30 00:00:00,2018-05-30 00:00:00,2017-05-31 00:00:00,2018-05-29 00:00:00,10.15,13.55,-3.4,1.209721,1.099151
2005-01-08 00:00:00,2006-01-08 00:00:00,2005-01-11 00:00:00,2006-01-06 00:00:00,-0.62,10.6,-11.22,-0.157375,1.031643
2020-07-30 00:00:00,2021-07-30 00:00:00,2020-07-31 00:00:00,2021-07-29 00:00:00,9.48,36.96,-27.48,0.888228,2.204466
2014-07-18 00:00:00,2015-07-18 00:00:00,2014-07-21 00:00:00,2015-07-17 00:00:00,7.38,9.79,-2.41,0.785203,0.83527
2012-02-14 00:00:00,2013-02-13 00:00:00,2012-02-15 00:00:00,2013-02-12 00:00:00,8.03,15.48,-7.45,1.50913,1.201412
2023-07-02 00:00:00,2024-07-01 00:00:00,2023-07-05 00:00:00,2024-06-28 00:00:00,11.97,24.53,-12.56,1.616698,2.052855
2020-02-25 00:00:00,2021-02-24 00:00:00,2020-02-26 00:00:00,2021-02-23 00:00:00,-18.92,26.72,-45.64,-0.793693,0.882938
2001-09-07 00:00:00,2002-09-07 00:00:00,2001-09-10 00:00:00,2002-09-06 00:00:00,0.16,-17.1,17.26,0.066335,-0.657148
2005-09-05 00:00:00,2006-09-05 00:00:00,2005-09-07 00:00:00,2006-09-01 00:00:00,1.6,7.98,-6.38,0.435023,0.772012
2007-01-16 00:00:00,2008-01-16 00:00:00,2007-01-17 00:00:00,2008-01-15 00:00:00,1.39,-1.61,3.0,0.208734,-0.017452
2023-07-28 00:00:00,2024-07-27 00:00:00,2023-07-31 00:00:00,2024-07-26 00:00:00,11.52,20.59,-9.07,1.528255,1.695715
2017-05-03 00:00:00,2018-05-03 00:00:00,2017-05-04 00:00:00,2018-05-02 00:00:00,10.95,12.34,-1.39,1.313668,1.016431
2018-02-09 00:00:00,2019-02-09 00:00:00,2018-02-12 00:00:00,2019-02-08 00:00:00,-12.41,3.87,-16.28,-1.225859,0.315462
2020-03-24 00:00:00,2021-03-24 00:00:00,2020-03-25 00:00:00,2021-03-23 00:00:00,-0.66,60.36,-61.02,0.04961,2.260224
2005-06-03 00:00:00,2006-06-03 00:00:00,2005-06-06 00:00:00,2006-06-02 00:00:00,0.93,9.36,-8.43,0.336977,0.948283
2012-04-30 00:00:00,2013-04-30 00:00:00,2012-05-01 00:00:00,2013-04-29 00:00:00,5.97,15.7,-9.73,1.180119,1.211013
2012-02-13 00:00:00,2013-02-12 00:00:00,2012-02-14 00:00:00,2013-02-11 00:00:00,8.03,14.75,-6.72,1.50913,1.150645
2001-02-23 00:00:00,2002-02-23 00:00:00,2001-02-26 00:00:00,2002-02-22 00:00:00,10.19,-12.99,23.18,1.006314,-0.549937
2023-06-15 00:00:00,2024-06-14 00:00:00,2023-06-16 00:00:00,2024-06-13 00:00:00,14.58,24.76,-10.18,1.833945,2.042531
2018-11-15 00:00:00,2019-11-15 00:00:00,2018-11-16 00:00:00,2019-11-14 00:00:00,0.09,15.33,-15.24,0.060228,1.011619
2000-08-12 00:00:00,2001-08-12 00:00:00,2000-08-15 00:00:00,2001-08-10 00:00:00,-3.66,-19.13,15.47,-0.286927,-0.847102
2015-04-15 00:00:00,2016-04-14 00:00:00,2015-04-16 00:00:00,2016-04-13 00:00:00,13.23,0.98,12.25,1.275607,0.142422
2001-06-30 00:00:00,2002-06-30 00:00:00,2001-07-03 00:00:00,2002-06-28 00:00:00,8.03,-19.17,27.2,0.887872,-0.987182
2001-08-02 00:00:00,2002-08-02 00:00:00,2001-08-03 00:00:00,2002-08-01 00:00:00,-1.84,-26.2,24.36,-0.125469,-1.223868
2004-05-10 00:00:00,2005-05-10 00:00:00,2004-05-11 00:00:00,2005-05-09 00:00:00,4.35,9.45,-5.1,1.233789,0.89424
2023-09-24 00:00:00,2024-09-23 00:00:00,2023-09-26 00:00:00,2024-09-20 00:00:00,16.66,35.23,-18.57,2.135245,2.513266
2001-11-19 00:00:00,2002-11-19 00:00:00,2001-11-20 00:00:00,2002-11-18 00:00:00,-14.81,-20.05,5.24,-1.233638,-0.734567
2023-08-30 00:00:00,2024-08-29 00:00:00,2023-08-31 00:00:00,2024-08-28 00:00:00,14.6,25.7,-11.1,1.865727,1.935021
2017-10-15 00:00:00,2018-10-15 00:00:00,2017-10-17 00:00:00,2018-10-12 00:00:00,0.82,9.99,-9.17,0.138215,0.795181
2009-12-22 00:00:00,2010-12-22 00:00:00,2009-12-23 00:00:00,2010-12-21 00:00:00,-0.14,14.2,-14.34,0.0325,0.832485
2017-10-04 00:00:00,2018-10-04 00:00:00,2017-10-05 00:00:00,2018-10-03 00:00:00,4.63,16.64,-12.01,0.584913,1.30649
2000-05-19 00:00:00,2001-05-19 00:00:00,2000-05-22 00:00:00,2001-05-18 00:00:00,1.28,-6.38,7.66,0.165247,-0.181225
2021-03-22 00:00:00,2022-03-22 00:00:00,2021-03-23 00:00:00,2022-03-21 00:00:00,17.08,15.59,1.49,1.397107,1.059981
2008-07-30 00:00:00,2009-07-30 00:00:00,2008-07-31 00:00:00,2009-07-29 00:00:00,-50.53,-20.93,-29.6,-2.251163,-0.290286
2024-05-16 00:00:00,2025-05-16 00:00:00,2024-05-17 00:00:00,2025-05-15 00:00:00,17.29,12.94,4.35,1.261443,0.70763
2001-11-25 00:00:00,2002-11-25 00:00:00,2001-11-27 00:00:00,2002-11-22 00:00:00,-7.9,-17.91,10.01,-0.550284,-0.627954
2001-04-17 00:00:00,2002-04-17 00:00:00,2001-04-18 00:00:00,2002-04-16 00:00:00,15.99,-7.53,23.52,1.396985,-0.328255
2023-03-23 00:00:00,2024-03-22 00:00:00,2023-03-24 00:00:00,2024-03-21 00:00:00,20.22,33.86,-13.64,2.380595,2.609446
2021-01-17 00:00:00,2022-01-17 00:00:00,2021-01-20 00:00:00,2022-01-14 00:00:00,11.71,22.67,-10.96,1.20469,1.649643
2016-12-05 00:00:00,2017-12-05 00:00:00,2016-12-06 00:00:00,2017-12-04 00:00:00,8.17,21.55,-13.38,1.62663,2.872991
2011-11-29 00:00:00,2012-11-28 00:00:00,2011-11-30 00:00:00,2012-11-27 00:00:00,4.53,14.68,-10.15,0.951726,1.100878
2012-02-19 00:00:00,2013-02-18 00:00:00,2012-02-22 00:00:00,2013-02-15 00:00:00,8.03,14.3,-6.27,1.512198,1.126326
2019-12-23 00:00:00,2020-12-22 00:00:00,2019-12-24 00:00:00,2020-12-21 00:00:00,-19.07,16.65,-35.72,-0.815631,0.631298
2014-02-20 00:00:00,2015-02-20 00:00:00,2014-02-21 00:00:00,2015-02-19 00:00:00,6.77,16.42,-9.65,0.841439,1.393065
2014-09-02 00:00:00,2015-09-02 00:00:00,2014-09-03 00:00:00,2015-09-01 00:00:00,7.77,-2.47,10.24,0.711658,-0.101519
2003-11-08 00:00:00,2004-11-07 00:00:00,2003-11-11 00:00:00,2004-11-05 00:00:00,3.48,13.34,-9.86,0.813967,1.16246
2006-07-10 00:00:00,2007-07-10 00:00:00,2006-07-11 00:00:00,2007-07-09 00:00:00,3.26,22.37,-19.11,1.209856,2.061481
2007-12-25 00:00:00,2008-12-24 00:00:00,2007-12-27 00:00:00,2008-12-23 00:00:00,-48.96,-40.25,-8.71,-2.388187,-1.046792
2001-12-28 00:00:00,2002-12-28 00:00:00,2001-12-31 00:00:00,2002-12-27 00:00:00,-9.47,-22.34,12.87,-0.683921,-0.828253
2004-06-11 00:00:00,2005-06-11 00:00:00,2004-06-15 00:00:00,2005-06-10 00:00:00,3.5,7.48,-3.98,0.940733,0.734113
2007-07-03 00:00:00,2008-07-02 00:00:00,2007-07-05 00:00:00,2008-07-01 00:00:00,1.95,-13.94,15.89,0.228668,-0.669485
2016-04-06 00:00:00,2017-04-06 00:00:00,2016-04-07 00:00:00,2017-04-05 00:00:00,5.62,17.49,-11.87,0.96618,1.699493
2022-09-22 00:00:00,2023-09-22 00:00:00,2022-09-23 00:00:00,2023-09-21 00:00:00,19.93,19.09,0.84,1.491832,1.105115
2011-06-07 00:00:00,2012-06-06 00:00:00,2011-06-08 00:00:00,2012-06-05 00:00:00,2.82,2.62,0.2,0.266173,0.228338
2024-02-21 00:00:00,2025-02-20 00:00:00,2024-02-22 00:00:00,2025-02-19 00:00:00,11.44,22.32,-10.88,1.472843,1.694501
2024-05-06 00:00:00,2025-05-06 00:00:00,2024-05-07 00:00:00,2025-05-05 00:00:00,4.81,10.35,-5.54,0.394801,0.597135
2023-11-25 00:00:00,2024-11-24 00:00:00,2023-11-28 00:00:00,2024-11-22 00:00:00,18.38,32.67,-14.29,2.142031,2.406118
2015-09-04 00:00:00,2016-09-03 00:00:00,2015-09-08 00:00:00,2016-09-02 00:00:00,11.23,13.0,-1.77,1.464539,0.918255
2011-09-12 00:00:00,2012-09-11 00:00:00,2011-09-13 00:00:00,2012-09-10 00:00:00,7.99,24.48,-16.49,0.843478,1.292318
2008-01-24 00:00:00,2009-01-23 00:00:00,2008-01-25 00:00:00,2009-01-22 00:00:00,-44.38,-36.3,-8.08,-2.075699,-0.867645
2022-08-17 00:00:00,2023-08-17 00:00:00,2022-08-18 00:00:00,2023-08-16 00:00:00,16.55,4.42,12.13,1.229099,0.3275
2005-07-27 00:00:00,2006-07-27 00:00:00,2005-07-28 00:00:00,2006-07-26 00:00:00,1.59,3.65,-2.06,0.432013,0.383078
2012-12-25 00:00:00,2013-12-25 00:00:00,2012-12-27 00:00:00,2013-12-24 00:00:00,12.27,31.83,-19.56,2.599419,2.526797
2000-08-15 00:00:00,2001-08-15 00:00:00,2000-08-16 00:00:00,2001-08-14 00:00:00,-2.78,-18.86,16.08,-0.209393,-0.830172
2019-01-20 00:00:00,2020-01-20 00:00:00,2019-01-23 00:00:00,2020-01-17 00:00:00,14.16,28.41,-14.25,1.552392,2.216581
2009-10-17 00:00:00,2010-10-17 00:00:00,2009-10-20 00:00:00,2010-10-15 00:00:00,-1.4,9.9,-11.3,-0.077106,0.605991
2003-09-11 00:00:00,2004-09-10 00:00:00,2003-09-12 00:00:00,2004-09-09 00:00:00,-1.03,11.53,-12.56,-0.213082,1.010555
2004-03-20 00:00:00,2005-03-20 00:00:00,2004-03-23 00:00:00,2005-03-18 00:00:00,5.03,10.42,-5.39,1.423743,0.98003
2003-06-30 00:00:00,2004-06-29 00:00:00,2003-07-01 00:00:00,2004-06-28 00:00:00,-2.48,16.96,-19.44,-0.482134,1.385123
2005-04-19 00:00:00,2006-04-19 00:00:00,2005-04-20 00:00:00,2006-04-18 00:00:00,-0.78,16.88,-17.66,-0.23929,1.635152
2009-04-01 00:00:00,2010-04-01 00:00:00,2009-04-02 00:00:00,2010-03-31 00:00:00,12.46,43.05,-30.59,1.287405,2.040394
2003-12-20 00:00:00,2004-12-19 00:00:00,2003-12-23 00:00:00,2004-12-17 00:00:00,4.58,10.93,-6.35,1.080779,0.99236
2023-12-05 00:00:00,2024-12-04 00:00:00,2023-12-06 00:00:00,2024-12-03 00:00:00,18.44,34.59,-16.15,2.15454,2.52871
2004-11-26 00:00:00,2005-11-26 00:00:00,2004-11-29 00:00:00,2005-11-25 00:00:00,0.29,9.75,-9.46,0.09693,0.957101
2001-04-14 00:00:00,2002-04-14 00:00:00,2001-04-17 00:00:00,2002-04-12 00:00:00,11.42,-5.36,16.78,1.07734,-0.198422
2021-12-20 00:00:00,2022-12-20 00:00:00,2021-12-21 00:00:00,2022-12-19 00:00:00,5.05,-16.6,21.65,0.358305,-0.636397
2022-11-02 00:00:00,2023-11-02 00:00:00,2022-11-03 00:00:00,2023-11-01 00:00:00,14.35,15.71,-1.36,1.336345,1.03638
2010-07-03 00:00:00,2011-07-03 00:00:00,2010-07-07 00:00:00,2011-07-01 00:00:00,17.52,28.74,-11.22,2.499721,1.923541
2003-06-26 00:00:00,2004-06-25 00:00:00,2003-06-27 00:00:00,2004-06-24 00:00:00,-2.48,18.98,-21.46,-0.457946,1.528683
2014-09-06 00:00:00,2015-09-06 00:00:00,2014-09-09 00:00:00,2015-09-04 00:00:00,9.85,-1.48,11.33,0.871053,-0.028866
2002-01-09 00:00:00,2003-01-09 00:00:00,2002-01-10 00:00:00,2003-01-08 00:00:00,-8.11,-20.02,11.91,-0.520876,-0.707868
2008-01-12 00:00:00,2009-01-11 00:00:00,2008-01-15 00:00:00,2009-01-09 00:00:00,-44.12,-33.97,-10.15,-2.035526,-0.799525
2013-02-25 00:00:00,2014-02-25 00:00:00,2013-02-26 00:00:00,2014-02-24 00:00:00,9.27,25.75,-16.48,2.425753,2.088689
2016-09-10 00:00:00,2017-09-10 00:00:00,2016-09-13 00:00:00,2017-09-08 00:00:00,8.76,17.99,-9.23,1.510257,2.19079
2013-11-09 00:00:00,2014-11-09 00:00:00,2013-11-12 00:00:00,2014-11-07 00:00:00,7.17,17.14,-9.97,1.160653,1.536569
2016-06-29 00:00:00,2017-06-29 00:00:00,2016-06-30 00:00:00,2017-06-28 00:00:00,6.59,18.6,-12.01,1.126517,2.152326
2011-09-04 00:00:00,2012-09-03 00:00:00,2011-09-07 00:00:00,2012-08-31 00:00:00,8.05,19.84,-11.79,0.838408,1.079383
2009-12-08 00:00:00,2010-12-08 00:00:00,2009-12-09 00:00:00,2010-12-07 00:00:00,3.15,13.85,-10.7,0.33179,0.812569
2016-05-28 00:00:00,2017-05-28 00:00:00,2016-06-01 00:00:00,2017-05-26 00:00:00,6.4,17.33,-10.93,1.028361,1.734456
2009-06-07 00:00:00,2010-06-07 00:00:00,2009-06-09 00:00:00,2010-06-04 00:00:00,8.17,15.13,-6.96,0.72789,0.864598
2001-03-03 00:00:00,2002-03-03 00:00:00,2001-03-06 00:00:00,2002-03-01 00:00:00,13.69,-8.63,22.32,1.12656,-0.318833
2010-06-19 00:00:00,2011-06-19 00:00:00,2010-06-22 00:00:00,2011-06-17 00:00:00,24.07,18.28,5.79,2.36583,1.255221
2014-11-04 00:00:00,2015-11-04 00:00:00,2014-11-05 00:00:00,2015-11-03 00:00:00,12.21,6.39,5.82,1.047113,0.492072
2020-05-13 00:00:00,2021-05-13 00:00:00,2020-05-14 00:00:00,2021-05-12 00:00:00,5.21,44.55,-39.34,0.474619,2.231998
2018-10-06 00:00:00,2019-10-06 00:00:00,2018-10-09 00:00:00,2019-10-04 00:00:00,-7.9,4.45,-12.35,-0.657018,0.345221
2015-02-21 00:00:00,2016-02-21 00:00:00,2015-02-24 00:00:00,2016-02-19 00:00:00,13.27,-7.48,20.75,1.099491,-0.3918
2008-07-21 00:00:00,2009-07-21 00:00:00,2008-07-22 00:00:00,2009-07-20 00:00:00,-47.21,-23.36,-23.85,-2.067873,-0.357085
2011-02-08 00:00:00,2012-02-08 00:00:00,2011-02-09 00:00:00,2012-02-07 00:00:00,7.51,4.04,3.47,0.576567,0.288615
2022-04-16 00:00:00,2023-04-16 00:00:00,2022-04-19 00:00:00,2023-04-14 00:00:00,4.07,-5.75,9.82,0.317869,-0.142184
2003-10-02 00:00:00,2004-10-01 00:00:00,2003-10-03 00:00:00,2004-09-30 00:00:00,1.56,9.84,-8.28,0.402567,0.913827
2016-11-03 00:00:00,2017-11-03 00:00:00,2016-11-04 00:00:00,2017-11-02 00:00:00,13.1,26.01,-12.91,2.295873,3.249828
2012-04-22 00:00:00,2013-04-22 00:00:00,2012-04-24 00:00:00,2013-04-19 00:00:00,5.06,15.75,-10.69,1.023523,1.213328
2018-04-29 00:00:00,2019-04-29 00:00:00,2018-05-01 00:00:00,2019-04-26 00:00:00,-11.64,12.88,-24.52,-1.256646,0.899674
2011-04-11 00:00:00,2012-04-10 00:00:00,2011-04-12 00:00:00,2012-04-09 00:00:00,3.79,7.34,-3.55,0.338204,0.428649
2000-08-25 00:00:00,2001-08-25 00:00:00,2000-08-28 00:00:00,2001-08-24 00:00:00,-6.73,-20.7,13.97,-0.521045,-0.921765
2004-08-16 00:00:00,2005-08-16 00:00:00,2004-08-17 00:00:00,2005-08-15 00:00:00,2.89,15.96,-13.07,0.927441,1.517379
2019-04-03 00:00:00,2020-04-02 00:00:00,2019-04-04 00:00:00,2020-04-01 00:00:00,-11.47,-12.54,1.07,-0.534916,-0.306785
2001-02-05 00:00:00,2002-02-05 00:00:00,2001-02-06 00:00:00,2002-02-04 00:00:00,13.69,-17.83,31.52,1.112595,-0.819291
2014-01-21 00:00:00,2015-01-21 00:00:00,2014-01-22 00:00:00,2015-01-20 00:00:00,7.78,11.78,-4.0,0.991241,1.021272
2022-12-20 00:00:00,2023-12-20 00:00:00,2022-12-21 00:00:00,2023-12-19 00:00:00,12.67,24.81,-12.14,1.346286,1.756818
2020-09-05 00:00:00,2021-09-05 00:00:00,2020-09-09 00:00:00,2021-09-03 00:00:00,10.08,35.33,-25.25,0.985678,2.265064
2006-03-26 00:00:00,2007-03-26 00:00:00,2006-03-28 00:00:00,2007-03-23 00:00:00,4.67,13.02,-8.35,1.225756,1.195823
2007-09-20 00:00:00,2008-09-19 00:00:00,2007-09-21 00:00:00,2008-09-18 00:00:00,-8.64,-19.78,11.14,-0.688325,-0.933351
2024-06-11 00:00:00,2025-06-11 00:00:00,2024-06-12 00:00:00,2025-06-10 00:00:00,4.42,12.82,-8.4,0.367672,0.698653
2017-10-06 00:00:00,2018-10-06 00:00:00,2017-10-09 00:00:00,2018-10-05 00:00:00,3.81,15.41,-11.6,0.48899,1.216673
2012-05-10 00:00:00,2013-05-10 00:00:00,2012-05-11 00:00:00,2013-05-09 00:00:00,6.4,22.78,-16.38,1.264489,1.684854
2017-07-22 00:00:00,2018-07-22 00:00:00,2017-07-25 00:00:00,2018-07-20 00:00:00,5.0,15.15,-10.15,0.613524,1.198875
2004-03-26 00:00:00,2005-03-26 00:00:00,2004-03-29 00:00:00,2005-03-24 00:00:00,4.94,6.08,-1.14,1.400385,0.610402
2004-03-23 00:00:00,2005-03-23 00:00:00,2004-03-24 00:00:00,2005-03-22 00:00:00,4.94,8.8,-3.86,1.39757,0.836409
2002-01-10 00:00:00,2003-01-10 00:00:00,2002-01-11 00:00:00,2003-01-09 00:00:00,-1.05,-17.97,16.92,0.021372,-0.611622
2024-02-20 00:00:00,2025-02-19 00:00:00,2024-02-21 00:00:00,2025-02-18 00:00:00,13.17,24.56,-11.39,1.596118,1.820108
2004-12-11 00:00:00,2005-12-11 00:00:00,2004-12-14 00:00:00,2005-12-09 00:00:00,2.44,6.37,-3.93,0.58679,0.656306
2001-05-09 00:00:00,2002-05-09 00:00:00,2001-05-10 00:00:00,2002-05-08 00:00:00,7.88,-12.38,20.26,0.750497,-0.605545
2018-09-09 00:00:00,2019-09-09 00:00:00,2018-09-11 00:00:00,2019-09-06 00:00:00,-9.03,5.15,-14.18,-0.77395,0.387708
2005-08-16 00:00:00,2006-08-16 00:00:00,2005-08-17 00:00:00,2006-08-15 00:00:00,-0.06,7.16,-7.22,0.011077,0.690986
2016-05-23 00:00:00,2017-05-23 00:00:00,2016-05-24 00:00:00,2017-05-22 00:00:00,4.13,17.61,-13.48,0.59278,1.752718
2018-01-07 00:00:00,2019-01-07 00:00:00,2018-01-09 00:00:00,2019-01-04 00:00:00,-14.68,-6.32,-8.36,-1.352761,-0.289436
2004-04-25 00:00:00,2005-04-25 00:00:00,2004-04-27 00:00:00,2005-04-22 00:00:00,4.22,3.09,1.13,1.163137,0.334094
2013-02-23 00:00:00,2014-02-23 00:00:00,2013-02-26 00:00:00,2014-02-21 00:00:00,11.0,25.05,-14.05,2.123208,2.045296
2004-04-25 00:00:00,2005-04-25 00:00:00,2004-04-27 00:00:00,2005-04-22 00:00:00,4.22,3.09,1.13,1.163137,0.334094
2015-07-05 00:00:00,2016-07-04 00:00:00,2015-07-07 00:00:00,2016-07-01 00:00:00,15.11,3.1,12.01,1.304921,0.264725
2015-01-04 00:00:00,2016-01-04 00:00:00,2015-01-06 00:00:00,2015-12-31 00:00:00,16.03,4.13,11.9,1.365643,0.343105
2007-07-12 00:00:00,2008-07-11 00:00:00,2007-07-13 00:00:00,2008-07-10 00:00:00,-3.8,-17.45,13.65,-0.207459,-0.875382
2013-10-02 00:00:00,2014-10-02 00:00:00,2013-10-03 00:00:00,2014-10-01 00:00:00,6.85,18.2,-11.35,1.433218,1.694854
2014-08-18 00:00:00,2015-08-18 00:00:00,2014-08-19 00:00:00,2015-08-17 00:00:00,8.52,8.24,0.28,0.892372,0.720411
2002-02-05 00:00:00,2003-02-05 00:00:00,2002-02-06 00:00:00,2003-02-04 00:00:00,13.15,-20.21,33.36,0.801955,-0.715305
2013-05-13 00:00:00,2014-05-13 00:00:00,2013-05-14 00:00:00,2014-05-12 00:00:00,8.95,17.18,-8.23,2.435054,1.47786
2010-04-01 00:00:00,2011-04-01 00:00:00,2010-04-05 00:00:00,2011-03-31 00:00:00,5.64,13.86,-8.22,0.533684,0.824069
2022-07-02 00:00:00,2023-07-02 00:00:00,2022-07-06 00:00:00,2023-06-30 00:00:00,19.67,17.55,2.12,1.391398,0.940364
2002-05-27 00:00:00,2003-05-27 00:00:00,2002-05-29 00:00:00,2003-05-23 00:00:00,1.82,-11.13,12.95,0.190824,-0.302619
2008-03-04 00:00:00,2009-03-04 00:00:00,2008-03-05 00:00:00,2009-03-03 00:00:00,-51.49,-46.38,-5.11,-2.4794,-1.231259
2019-12-24 00:00:00,2020-12-23 00:00:00,2019-12-26 00:00:00,2020-12-22 00:00:00,-22.41,15.84,-38.25,-0.946393,0.610306
2007-07-15 00:00:00,2008-07-14 00:00:00,2007-07-17 00:00:00,2008-07-11 00:00:00,-9.81,-18.36,8.55,-0.75223,-0.931738
2020-02-20 00:00:00,2021-02-19 00:00:00,2020-02-21 00:00:00,2021-02-18 00:00:00,-20.78,19.35,-40.13,-0.857622,0.6986
2018-06-01 00:00:00,2019-06-01 00:00:00,2018-06-04 00:00:00,2019-05-31 00:00:00,-13.66,2.08,-15.74,-1.470649,0.212518
2009-08-20 00:00:00,2010-08-20 00:00:00,2009-08-21 00:00:00,2010-08-19 00:00:00,-8.21,6.78,-14.99,-0.543629,0.448375
2003-11-09 00:00:00,2004-11-08 00:00:00,2003-11-11 00:00:00,2004-11-05 00:00:00,3.48,13.34,-9.86,0.813967,1.16246
2022-10-28 00:00:00,2023-10-28 00:00:00,2022-10-31 00:00:00,2023-10-27 00:00:00,8.84,8.01,0.83,0.844568,0.578308
2005-07-30 00:00:00,2006-07-30 00:00:00,2005-08-02 00:00:00,2006-07-28 00:00:00,2.08,4.75,-2.67,0.542263,0.479539
2011-09-08 00:00:00,2012-09-07 00:00:00,2011-09-09 00:00:00,2012-09-06 00:00:00,10.95,26.66,-15.71,1.145966,1.386935
2017-10-25 00:00:00,2018-10-25 00:00:00,2017-10-26 00:00:00,2018-10-24 00:00:00,0.29,5.69,-5.4,0.07801,0.473233
2010-10-05 00:00:00,2011-10-05 00:00:00,2010-10-06 00:00:00,2011-10-04 00:00:00,8.71,-1.26,9.97,0.714319,0.036785
2006-06-02 00:00:00,2007-06-02 00:00:00,2006-06-05 00:00:00,2007-06-01 00:00:00,5.79,23.45,-17.66,1.471033,2.161757
2015-01-15 00:00:00,2016-01-15 00:00:00,2015-01-16 00:00:00,2016-01-14 00:00:00,7.27,-2.85,10.12,0.671316,-0.106684
2022-09-12 00:00:00,2023-09-12 00:00:00,2022-09-13 00:00:00,2023-09-11 00:00:00,14.97,15.94,-0.97,1.145278,0.942869
2001-10-23 00:00:00,2002-10-23 00:00:00,2001-10-24 00:00:00,2002-10-22 00:00:00,3.94,-16.4,20.34,0.335127,-0.56478
2016-02-01 00:00:00,2017-01-31 00:00:00,2016-02-02 00:00:00,2017-01-30 00:00:00,12.95,22.23,-9.28,1.857721,1.845096
2017-03-23 00:00:00,2018-03-23 00:00:00,2017-03-24 00:00:00,2018-03-22 00:00:00,15.23,14.9,0.33,1.959399,1.360131
2017-03-24 00:00:00,2018-03-24 00:00:00,2017-03-27 00:00:00,2018-03-23 00:00:00,15.35,12.57,2.78,1.973709,1.145638
2003-06-14 00:00:00,2004-06-13 00:00:00,2003-06-17 00:00:00,2004-06-10 00:00:00,-11.96,14.26,-26.22,-1.941578,1.169182
